timestamp,yaw,pitch,distance,distance_noise,x_noise,y_noise,z_noise,object_id,color,color.1,color.2,id,x,y,z
0.082,5.181,-0.095,27.537,27.503,24.422,12.374,-2.622,22081.0,204.0,204.0,204.0,0.0,24.452,12.389,2.374
0.082,5.181,-0.088,27.539,27.52,24.454,12.39,-2.424,22081.0,204.0,204.0,204.0,0.0,24.47,12.398,2.574
0.083,5.184,-0.124,27.484,27.484,24.29,12.4,-3.404,22081.0,72.0,204.0,204.0,0.0,24.29,12.4,1.596
0.083,5.184,-0.119,27.454,27.496,24.316,12.413,-3.268,22081.0,72.0,204.0,204.0,0.0,24.279,12.394,1.737
0.083,5.184,-0.113,27.416,27.297,24.157,12.332,-3.086,22081.0,72.0,204.0,204.0,0.0,24.262,12.385,1.9009999999999998
0.083,5.184,-0.106,27.383,27.433,24.295,12.402,-2.914,22081.0,72.0,204.0,204.0,0.0,24.251,12.379,2.091
0.083,5.184,-0.102,27.367,27.433,24.307,12.408,-2.793,22081.0,72.0,204.0,204.0,0.0,24.248,12.378,2.214
0.083,5.184,-0.095,27.351,27.353,24.251,12.38,-2.608,22081.0,204.0,204.0,204.0,0.0,24.25,12.379,2.392
0.083,5.184,-0.137,27.606,27.558,24.315,12.412,-3.764,22081.0,204.0,204.0,204.0,0.0,24.357,12.434,1.229
0.083,5.184,-0.131,27.502,27.485,24.269,12.389,-3.601,22081.0,204.0,204.0,204.0,0.0,24.284,12.396,1.396
0.083,5.184,-0.053,27.47,27.542,24.496,12.505,-1.465,22081.0,204.0,204.0,204.0,0.0,24.432,12.472,3.5389999999999997
0.083,5.184,-0.088,27.332,27.275,24.199,12.353,-2.402,22081.0,204.0,204.0,204.0,0.0,24.249,12.378,2.593
0.083,5.184,-0.084,27.323,27.202,24.143,12.324,-2.275,22081.0,204.0,204.0,204.0,0.0,24.25,12.379,2.715
0.083,5.184,-0.077,27.318,27.406,24.337,12.423,-2.12,22081.0,204.0,204.0,204.0,0.0,24.258,12.383,2.887
0.083,5.184,-0.071,27.323,27.386,24.33,12.42,-1.946,22081.0,204.0,204.0,204.0,0.0,24.274,12.391,3.058
0.083,5.184,-0.066,27.333,27.362,24.317,12.413,-1.806,22081.0,204.0,204.0,204.0,0.0,24.291,12.4,3.1959999999999997
0.083,5.184,-0.06,27.356,27.339,24.306,12.408,-1.632,22081.0,204.0,204.0,204.0,0.0,24.321,12.415,3.367
0.083,5.187,-0.124,27.443,27.444,24.218,12.455,-3.399,22081.0,72.0,204.0,204.0,0.0,24.217,12.454,1.601
0.083,5.187,-0.119,27.402,27.434,24.224,12.458,-3.261,22081.0,204.0,1.0,0.0,0.0,24.195,12.443,1.7429999999999999
0.083,5.187,-0.113,27.382,27.328,24.146,12.418,-3.089,22081.0,72.0,204.0,204.0,0.0,24.195,12.443,1.9049999999999998
0.083,5.187,-0.106,27.353,27.362,24.195,12.443,-2.906,22081.0,72.0,204.0,204.0,0.0,24.187,12.439,2.095
0.083,5.187,-0.102,27.338,27.425,24.262,12.477,-2.792,22081.0,72.0,204.0,204.0,0.0,24.185,12.438,2.217
0.083,5.187,-0.095,27.323,27.322,24.187,12.439,-2.605,22081.0,204.0,204.0,204.0,0.0,24.187,12.439,2.395
0.083,5.187,-0.137,27.53,27.527,24.25,12.471,-3.76,22081.0,204.0,204.0,204.0,0.0,24.253,12.473,1.2389999999999999
0.083,5.187,-0.131,27.453,27.422,24.175,12.433,-3.593,22081.0,204.0,204.0,204.0,0.0,24.203,12.447,1.403
0.083,5.187,-0.053,27.367,27.386,24.319,12.507,-1.457,22081.0,204.0,204.0,204.0,0.0,24.303,12.498,3.544
0.083,5.187,-0.048,29.277,29.19,25.928,13.334,-1.41,22081.0,204.0,204.0,204.0,0.0,26.006,13.374,3.5860000000000003
0.083,5.187,-0.088,27.304,27.246,24.136,12.413,-2.4,22081.0,204.0,204.0,204.0,0.0,24.187,12.439,2.595
0.083,5.187,-0.084,27.292,27.198,24.102,12.395,-2.275,22081.0,204.0,204.0,204.0,0.0,24.185,12.438,2.717
0.083,5.187,-0.077,27.282,27.392,24.287,12.49,-2.119,22081.0,204.0,204.0,204.0,0.0,24.189,12.44,2.889
0.083,5.187,-0.071,27.28,27.335,24.247,12.47,-1.943,22081.0,204.0,204.0,204.0,0.0,24.199,12.445,3.061
0.083,5.187,-0.066,27.285,27.252,24.182,12.436,-1.799,22081.0,204.0,204.0,204.0,0.0,24.212,12.452,3.199
0.083,5.187,-0.06,27.305,27.309,24.242,12.467,-1.63,22081.0,204.0,204.0,204.0,0.0,24.239,12.466,3.37
0.083,5.19,-0.124,27.424,27.447,24.182,12.529,-3.399,22081.0,72.0,204.0,204.0,0.0,24.162,12.519,1.604
0.083,5.19,-0.119,27.398,27.438,24.19,12.533,-3.261,22081.0,72.0,204.0,204.0,0.0,24.154,12.514,1.7440000000000002
0.083,5.19,-0.113,27.37,27.29,24.075,12.473,-3.085,22081.0,204.0,204.0,204.0,0.0,24.146,12.51,1.9060000000000001
0.083,5.19,-0.106,27.341,27.376,24.17,12.523,-2.908,22081.0,204.0,204.0,204.0,0.0,24.139,12.506,2.096
0.083,5.19,-0.102,27.327,27.358,24.166,12.52,-2.785,22081.0,204.0,204.0,204.0,0.0,24.138,12.506,2.218
0.083,5.19,-0.095,27.308,27.284,24.116,12.494,-2.602,22081.0,204.0,204.0,204.0,0.0,24.137,12.505,2.396
0.083,5.19,-0.137,27.505,27.47,24.163,12.519,-3.753,22081.0,204.0,204.0,204.0,0.0,24.193,12.535,1.2429999999999999
0.083,5.19,-0.131,27.43,27.387,24.107,12.49,-3.589,22081.0,204.0,1.0,0.0,0.0,24.146,12.51,1.4060000000000001
0.083,5.19,-0.053,27.344,27.34,24.241,12.559,-1.454,22081.0,6.0,6.0,6.0,0.0,24.245,12.561,3.5460000000000003
0.083,5.19,-0.048,28.511,28.427,25.211,13.062,-1.373,22081.0,204.0,204.0,204.0,0.0,25.286,13.101,3.623
0.083,5.19,-0.088,27.288,27.288,24.135,12.504,-2.404,22081.0,204.0,204.0,204.0,0.0,24.135,12.504,2.596
0.083,5.19,-0.084,27.276,27.242,24.104,12.488,-2.278,22081.0,204.0,204.0,204.0,0.0,24.134,12.504,2.719
0.083,5.19,-0.077,27.265,27.351,24.212,12.544,-2.116,22081.0,204.0,204.0,204.0,0.0,24.136,12.505,2.891
0.083,5.19,-0.071,27.261,27.332,24.207,12.542,-1.943,22081.0,6.0,6.0,6.0,0.0,24.144,12.509,3.0620000000000003
0.083,5.19,-0.066,27.265,27.259,24.15,12.512,-1.799,22081.0,6.0,6.0,6.0,0.0,24.156,12.515,3.201
0.083,5.19,-0.06,27.284,27.304,24.2,12.538,-1.63,22081.0,6.0,6.0,6.0,0.0,24.182,12.529,3.371
0.083,5.193,-0.124,27.413,27.449,24.146,12.603,-3.4,22081.0,72.0,204.0,204.0,0.0,24.115,12.586,1.605
0.083,5.193,-0.119,27.391,27.408,24.126,12.592,-3.258,22081.0,204.0,204.0,204.0,0.0,24.11,12.584,1.745
0.083,5.193,-0.113,27.359,27.231,23.986,12.519,-3.078,22081.0,204.0,204.0,204.0,0.0,24.099,12.578,1.907
0.083,5.193,-0.106,27.331,27.415,24.166,12.613,-2.912,22081.0,204.0,204.0,204.0,0.0,24.093,12.575,2.097
0.083,5.193,-0.102,27.318,27.313,24.088,12.572,-2.78,22081.0,204.0,204.0,204.0,0.0,24.092,12.574,2.219
0.083,5.193,-0.095,27.299,27.288,24.081,12.569,-2.602,22081.0,204.0,204.0,204.0,0.0,24.09,12.574,2.397
0.083,5.193,-0.137,27.494,27.467,24.122,12.59,-3.752,22081.0,204.0,204.0,204.0,0.0,24.145,12.602,1.2440000000000002
0.083,5.193,-0.131,27.427,27.339,24.028,12.541,-3.582,22081.0,204.0,204.0,204.0,0.0,24.105,12.581,1.4060000000000001
0.083,5.193,-0.053,27.334,27.36,24.22,12.641,-1.455,22081.0,6.0,6.0,6.0,0.0,24.197,12.629,3.5460000000000003
0.083,5.193,-0.048,28.283,28.213,24.982,13.039,-1.363,22081.0,204.0,204.0,204.0,0.0,25.044,13.071,3.634
0.083,5.193,-0.088,27.278,27.187,24.008,12.53,-2.395,22081.0,204.0,204.0,204.0,0.0,24.088,12.573,2.597
0.083,5.193,-0.084,27.267,27.187,24.017,12.535,-2.274,22081.0,204.0,204.0,204.0,0.0,24.088,12.572,2.72
0.083,5.193,-0.042,32.132,32.083,28.417,14.832,-1.334,22081.0,204.0,204.0,204.0,0.0,28.461,14.855,3.6639999999999997
0.083,5.193,-0.077,27.255,27.305,24.133,12.596,-2.112,22081.0,204.0,204.0,204.0,0.0,24.089,12.573,2.892
0.083,5.193,-0.071,27.25,27.316,24.155,12.607,-1.942,22081.0,6.0,6.0,6.0,0.0,24.097,12.577,3.0629999999999997
0.083,5.193,-0.066,27.254,27.25,24.105,12.581,-1.799,22081.0,6.0,6.0,6.0,0.0,24.108,12.583,3.201
0.083,5.193,-0.06,27.273,27.309,24.167,12.613,-1.63,22081.0,6.0,6.0,6.0,0.0,24.135,12.597,3.372
0.083,5.196,-0.124,27.412,27.447,24.107,12.675,-3.399,22081.0,204.0,204.0,204.0,0.0,24.076,12.659,1.605
0.083,5.196,-0.119,27.387,27.433,24.109,12.676,-3.26,22081.0,204.0,204.0,204.0,0.0,24.068,12.655,1.745
0.083,5.196,-0.113,27.355,27.246,23.961,12.598,-3.08,22081.0,204.0,204.0,204.0,0.0,24.057,12.649,1.908
0.083,5.196,-0.106,27.327,27.376,24.094,12.668,-2.908,22081.0,204.0,204.0,204.0,0.0,24.051,12.645,2.097
0.083,5.196,-0.102,27.313,27.342,24.075,12.658,-2.783,22081.0,204.0,204.0,204.0,0.0,24.05,12.645,2.22
0.083,5.196,-0.095,27.294,27.281,24.037,12.638,-2.601,22081.0,204.0,204.0,204.0,0.0,24.049,12.644,2.398
0.083,5.196,-0.137,27.487,27.535,24.144,12.694,-3.761,22081.0,204.0,204.0,204.0,0.0,24.101,12.672,1.245
0.083,5.196,-0.131,27.415,27.33,23.981,12.609,-3.581,22081.0,204.0,204.0,204.0,0.0,24.056,12.648,1.408
0.083,5.196,-0.053,27.327,27.34,24.165,12.705,-1.454,22081.0,6.0,6.0,6.0,0.0,24.153,12.699,3.5460000000000003
0.083,5.196,-0.048,28.167,28.096,24.839,13.06,-1.357,22081.0,204.0,204.0,204.0,0.0,24.902,13.093,3.6390000000000002
0.083,5.196,-0.088,27.274,27.289,24.06,12.65,-2.404,22081.0,204.0,204.0,204.0,0.0,24.047,12.643,2.598
0.083,5.196,-0.084,27.262,27.197,23.988,12.612,-2.275,22081.0,204.0,204.0,204.0,0.0,24.046,12.643,2.72
0.083,5.196,-0.042,31.913,31.884,28.197,14.825,-1.326,22081.0,204.0,204.0,204.0,0.0,28.222,14.839,3.673
0.083,5.196,-0.037,33.224,33.107,29.284,15.397,-1.221,22081.0,204.0,204.0,204.0,0.0,29.387,15.451,3.774
0.083,5.196,-0.077,27.25,27.361,24.145,12.695,-2.117,22081.0,204.0,204.0,204.0,0.0,24.047,12.644,2.892
0.083,5.196,-0.071,27.245,27.346,24.143,12.694,-1.944,22081.0,6.0,6.0,6.0,0.0,24.054,12.647,3.064
0.083,5.196,-0.066,27.248,27.284,24.097,12.67,-1.801,22081.0,6.0,6.0,6.0,0.0,24.065,12.653,3.202
0.083,5.196,-0.06,27.267,27.277,24.101,12.672,-1.628,22081.0,6.0,6.0,6.0,0.0,24.091,12.667,3.372
0.083,5.199,-0.124,27.409,27.435,24.058,12.742,-3.398,22081.0,204.0,204.0,204.0,0.0,24.035,12.73,1.605
0.083,5.199,-0.119,27.383,27.416,24.056,12.741,-3.258,22081.0,204.0,204.0,204.0,0.0,24.027,12.726,1.745
0.083,5.199,-0.113,27.352,27.296,23.967,12.694,-3.086,22081.0,204.0,204.0,204.0,0.0,24.016,12.72,1.908
0.083,5.199,-0.106,27.324,27.385,24.063,12.745,-2.909,22081.0,204.0,204.0,204.0,0.0,24.01,12.717,2.098
0.083,5.199,-0.102,27.311,27.303,24.003,12.713,-2.779,22081.0,204.0,204.0,204.0,0.0,24.009,12.716,2.22
0.083,5.199,-0.095,27.292,27.277,23.995,12.709,-2.601,22081.0,204.0,204.0,204.0,0.0,24.008,12.716,2.398
0.083,5.199,-0.137,27.482,27.48,24.057,12.741,-3.754,22081.0,204.0,204.0,204.0,0.0,24.059,12.742,1.246
0.083,5.199,-0.131,27.407,27.302,23.919,12.668,-3.577,22081.0,204.0,204.0,204.0,0.0,24.011,12.717,1.4089999999999998
0.083,5.199,-0.053,27.323,27.351,24.136,12.783,-1.455,22081.0,6.0,6.0,6.0,0.0,24.112,12.77,3.5469999999999997
0.083,5.199,-0.048,28.124,28.008,24.722,13.094,-1.353,22081.0,204.0,204.0,204.0,0.0,24.824,13.148,3.642
0.083,5.199,-0.088,27.271,27.231,23.97,12.695,-2.399,22081.0,204.0,204.0,204.0,0.0,24.006,12.714,2.598
0.083,5.199,-0.084,27.26,27.154,23.912,12.665,-2.271,22081.0,204.0,204.0,204.0,0.0,24.005,12.714,2.72
0.083,5.199,-0.042,31.875,31.801,28.079,14.872,-1.322,22081.0,204.0,204.0,204.0,0.0,28.144,14.906,3.675
0.083,5.199,-0.037,32.874,32.738,28.911,15.312,-1.208,22081.0,204.0,204.0,204.0,0.0,29.031,15.376,3.787
0.083,5.199,-0.077,27.247,27.34,24.088,12.758,-2.115,22081.0,204.0,204.0,204.0,0.0,24.007,12.715,2.892
0.083,5.199,-0.071,27.242,27.263,24.032,12.728,-1.938,22081.0,6.0,6.0,6.0,0.0,24.013,12.718,3.064
0.083,5.199,-0.066,27.245,27.23,24.011,12.717,-1.797,22081.0,6.0,6.0,6.0,0.0,24.024,12.724,3.202
0.083,5.199,-0.06,27.263,27.281,24.065,12.746,-1.629,22081.0,6.0,6.0,6.0,0.0,24.05,12.738,3.372
0.083,5.202,-0.124,27.407,27.414,24.001,12.804,-3.395,22081.0,204.0,204.0,204.0,0.0,23.995,12.801,1.6059999999999999
0.083,5.202,-0.119,27.382,27.373,23.98,12.793,-3.253,22081.0,204.0,204.0,204.0,0.0,23.988,12.798,1.746
0.083,5.202,-0.113,27.351,27.227,23.868,12.734,-3.078,22081.0,204.0,204.0,204.0,0.0,23.977,12.792,1.908
0.083,5.202,-0.106,27.323,27.437,24.071,12.842,-2.914,22081.0,204.0,204.0,204.0,0.0,23.971,12.788,2.098
0.083,5.202,-0.102,27.31,27.399,24.048,12.83,-2.789,22081.0,204.0,204.0,204.0,0.0,23.97,12.788,2.22
0.083,5.202,-0.095,27.291,27.254,23.936,12.77,-2.599,22081.0,204.0,204.0,204.0,0.0,23.969,12.787,2.398
0.083,5.202,-0.137,27.481,27.522,24.055,12.833,-3.76,22081.0,204.0,204.0,204.0,0.0,24.019,12.814,1.246
0.083,5.202,-0.131,27.41,27.414,23.979,12.793,-3.592,22081.0,204.0,204.0,204.0,0.0,23.975,12.791,1.408
0.083,5.202,-0.053,27.322,27.331,24.08,12.847,-1.454,22081.0,6.0,6.0,6.0,0.0,24.072,12.842,3.5469999999999997
0.083,5.202,-0.048,28.113,28.077,24.743,13.201,-1.356,22081.0,204.0,204.0,204.0,0.0,24.775,13.217,3.642
0.083,5.202,-0.088,27.27,27.232,23.933,12.768,-2.399,22081.0,204.0,204.0,204.0,0.0,23.967,12.786,2.598
0.083,5.202,-0.084,27.259,27.205,23.919,12.761,-2.275,22081.0,204.0,204.0,204.0,0.0,23.966,12.786,2.72
0.083,5.202,-0.042,31.861,31.811,28.042,14.961,-1.323,22081.0,204.0,204.0,204.0,0.0,28.086,14.984,3.675
0.083,5.202,-0.037,32.998,32.864,28.976,15.458,-1.212,22081.0,204.0,204.0,204.0,0.0,29.094,15.522,3.783
0.083,5.202,-0.077,27.246,27.314,24.026,12.818,-2.113,22081.0,204.0,204.0,204.0,0.0,23.967,12.786,2.892
0.083,5.202,-0.071,27.241,27.367,24.085,12.849,-1.945,22081.0,6.0,6.0,6.0,0.0,23.974,12.79,3.064
0.083,5.202,-0.066,27.243,27.258,23.997,12.802,-1.799,22081.0,6.0,6.0,6.0,0.0,23.984,12.796,3.202
0.083,5.202,-0.06,27.262,27.277,24.023,12.816,-1.628,22081.0,6.0,6.0,6.0,0.0,24.01,12.809,3.372
0.083,5.205,-0.124,27.406,27.477,24.018,12.907,-3.403,22081.0,204.0,204.0,204.0,0.0,23.956,12.873,1.6059999999999999
0.083,5.205,-0.119,27.381,27.395,23.96,12.876,-3.256,22081.0,204.0,204.0,204.0,0.0,23.948,12.869,1.746
0.083,5.205,-0.113,27.35,27.275,23.871,12.828,-3.083,22081.0,204.0,204.0,204.0,0.0,23.937,12.863,1.908
0.083,5.205,-0.106,27.322,27.333,23.94,12.865,-2.903,22081.0,204.0,204.0,204.0,0.0,23.931,12.86,2.098
0.083,5.205,-0.102,27.309,27.43,24.036,12.917,-2.792,22081.0,204.0,204.0,204.0,0.0,23.93,12.86,2.22
0.083,5.205,-0.095,27.29,27.245,23.89,12.838,-2.598,22081.0,204.0,204.0,204.0,0.0,23.929,12.859,2.398
0.083,5.205,-0.137,27.48,27.431,23.936,12.863,-3.747,22081.0,204.0,204.0,204.0,0.0,23.979,12.886,1.246
0.083,5.205,-0.131,27.409,27.397,23.925,12.857,-3.59,22081.0,204.0,204.0,204.0,0.0,23.936,12.863,1.4089999999999998
0.083,5.205,-0.053,27.321,27.323,24.033,12.915,-1.453,22081.0,6.0,6.0,6.0,0.0,24.032,12.914,3.5469999999999997
0.083,5.205,-0.048,28.113,28.025,24.658,13.251,-1.354,22081.0,204.0,204.0,204.0,0.0,24.735,13.292,3.642
0.083,5.205,-0.088,27.269,27.179,23.848,12.816,-2.394,22081.0,204.0,204.0,204.0,0.0,23.927,12.858,2.598
0.083,5.205,-0.084,27.258,27.181,23.859,12.821,-2.273,22081.0,204.0,204.0,204.0,0.0,23.926,12.858,2.72
0.083,5.205,-0.042,31.856,31.879,28.057,15.077,-1.325,22081.0,204.0,204.0,204.0,0.0,28.037,15.067,3.675
0.083,5.205,-0.037,32.903,32.774,28.85,15.503,-1.209,22081.0,204.0,204.0,204.0,0.0,28.963,15.564,3.786
0.083,5.205,-0.077,27.245,27.348,24.018,12.907,-2.116,22081.0,204.0,204.0,204.0,0.0,23.928,12.858,2.892
0.083,5.205,-0.071,27.24,27.303,23.989,12.891,-1.941,22081.0,6.0,6.0,6.0,0.0,23.934,12.862,3.064
0.083,5.205,-0.066,27.242,27.222,23.927,12.858,-1.797,22081.0,6.0,6.0,6.0,0.0,23.945,12.867,3.202
0.083,5.205,-0.06,27.261,27.242,23.954,12.872,-1.626,22081.0,6.0,6.0,6.0,0.0,23.971,12.881,3.372
0.083,5.209,-0.124,27.406,27.446,23.951,12.964,-3.399,22081.0,204.0,204.0,204.0,0.0,23.916,12.945,1.6059999999999999
0.083,5.209,-0.119,27.381,27.434,23.955,12.966,-3.261,22081.0,204.0,204.0,204.0,0.0,23.909,12.941,1.746
0.083,5.209,-0.113,27.349,27.244,23.806,12.886,-3.08,22081.0,204.0,204.0,204.0,0.0,23.898,12.935,1.908
0.083,5.209,-0.106,27.322,27.382,23.945,12.961,-2.909,22081.0,204.0,204.0,204.0,0.0,23.892,12.932,2.098
0.083,5.209,-0.102,27.308,27.323,23.904,12.939,-2.781,22081.0,204.0,204.0,204.0,0.0,23.891,12.932,2.22
0.083,5.209,-0.095,27.289,27.344,23.937,12.957,-2.607,22081.0,204.0,204.0,204.0,0.0,23.89,12.931,2.398
0.083,5.209,-0.137,27.479,27.491,23.95,12.964,-3.755,22081.0,204.0,204.0,204.0,0.0,23.94,12.958,1.246
0.083,5.209,-0.131,27.409,27.378,23.869,12.92,-3.587,22081.0,204.0,204.0,204.0,0.0,23.896,12.934,1.4089999999999998
0.083,5.209,-0.053,27.32,27.281,23.958,12.968,-1.451,22081.0,6.0,6.0,6.0,0.0,23.993,12.987,3.5469999999999997
0.083,5.209,-0.048,28.113,28.022,24.615,13.324,-1.354,22081.0,204.0,204.0,204.0,0.0,24.695,13.367,3.642
0.083,5.209,-0.088,27.268,27.256,23.877,12.924,-2.401,22081.0,204.0,204.0,204.0,0.0,23.888,12.93,2.598
0.083,5.209,-0.084,27.257,27.16,23.801,12.883,-2.271,22081.0,204.0,204.0,204.0,0.0,23.887,12.929,2.72
0.083,5.209,-0.042,31.854,31.799,27.941,15.124,-1.322,22081.0,204.0,204.0,204.0,0.0,27.989,15.15,3.676
0.083,5.209,-0.037,32.903,32.699,28.737,15.555,-1.206,22081.0,204.0,204.0,204.0,0.0,28.916,15.652,3.786
0.083,5.209,-0.077,27.245,27.336,23.969,12.974,-2.115,22081.0,204.0,204.0,204.0,0.0,23.888,12.93,2.892
0.083,5.209,-0.071,27.239,27.256,23.909,12.941,-1.937,22081.0,6.0,6.0,6.0,0.0,23.895,12.934,3.064
0.083,5.209,-0.066,27.242,27.199,23.868,12.919,-1.795,22081.0,6.0,6.0,6.0,0.0,23.905,12.939,3.202
0.083,5.209,-0.06,27.261,27.279,23.947,12.962,-1.629,22081.0,6.0,6.0,6.0,0.0,23.931,12.953,3.373
0.083,5.212,-0.124,27.405,27.404,23.875,13.016,-3.394,22081.0,204.0,204.0,204.0,0.0,23.877,13.017,1.6059999999999999
0.083,5.212,-0.119,27.38,27.397,23.884,13.021,-3.256,22081.0,204.0,204.0,204.0,0.0,23.869,13.013,1.746
0.083,5.212,-0.113,27.349,27.273,23.792,12.971,-3.083,22081.0,204.0,204.0,204.0,0.0,23.858,13.007,1.908
0.083,5.212,-0.106,27.321,27.325,23.855,13.005,-2.902,22081.0,204.0,204.0,204.0,0.0,23.852,13.004,2.098
0.083,5.212,-0.102,27.308,27.413,23.943,13.053,-2.79,22081.0,204.0,204.0,204.0,0.0,23.851,13.003,2.22
0.083,5.212,-0.095,27.289,27.298,23.859,13.007,-2.603,22081.0,204.0,204.0,204.0,0.0,23.85,13.003,2.398
0.083,5.212,-0.137,27.479,27.465,23.888,13.023,-3.752,22081.0,204.0,204.0,204.0,0.0,23.9,13.03,1.246
0.083,5.212,-0.131,27.408,27.398,23.848,13.002,-3.59,22081.0,204.0,204.0,204.0,0.0,23.857,13.006,1.4089999999999998
0.083,5.212,-0.053,27.32,27.305,23.94,13.051,-1.452,22081.0,6.0,6.0,6.0,0.0,23.953,13.059,3.5469999999999997
0.083,5.212,-0.048,28.113,28.071,24.617,13.421,-1.356,22081.0,204.0,204.0,204.0,0.0,24.654,13.441,3.642
0.083,5.212,-0.088,27.268,27.232,23.817,12.984,-2.399,22081.0,204.0,204.0,204.0,0.0,23.848,13.002,2.598
0.083,5.212,-0.084,27.257,27.192,23.791,12.97,-2.274,22081.0,204.0,204.0,204.0,0.0,23.847,13.001,2.72
0.083,5.212,-0.042,31.852,31.784,27.882,15.201,-1.322,22081.0,204.0,204.0,204.0,0.0,27.941,15.233,3.676
0.083,5.212,-0.037,32.903,32.769,28.751,15.675,-1.209,22081.0,204.0,204.0,204.0,0.0,28.869,15.739,3.786
0.083,5.212,-0.077,27.244,27.259,23.861,13.009,-2.109,22081.0,204.0,204.0,204.0,0.0,23.849,13.002,2.892
0.083,5.212,-0.071,27.239,27.331,23.936,13.05,-1.943,22081.0,6.0,6.0,6.0,0.0,23.855,13.005,3.064
0.083,5.212,-0.066,27.241,27.264,23.886,13.022,-1.799,22081.0,6.0,6.0,6.0,0.0,23.866,13.011,3.202
0.083,5.212,-0.06,27.26,27.278,23.907,13.034,-1.629,22081.0,6.0,6.0,6.0,0.0,23.892,13.025,3.373
0.083,5.215,-0.124,27.405,27.464,23.888,13.117,-3.401,22081.0,204.0,204.0,204.0,0.0,23.837,13.089,1.6059999999999999
0.083,5.215,-0.119,27.38,27.395,23.843,13.092,-3.256,22081.0,204.0,204.0,204.0,0.0,23.83,13.085,1.746
0.083,5.215,-0.113,27.349,27.258,23.74,13.036,-3.081,22081.0,204.0,204.0,204.0,0.0,23.819,13.079,1.908
0.083,5.215,-0.106,27.321,27.341,23.83,13.085,-2.904,22081.0,204.0,204.0,204.0,0.0,23.813,13.076,2.098
0.083,5.215,-0.102,27.307,27.337,23.838,13.09,-2.783,22081.0,204.0,204.0,204.0,0.0,23.812,13.075,2.22
0.083,5.215,-0.095,27.288,27.31,23.83,13.085,-2.604,22081.0,204.0,204.0,204.0,0.0,23.811,13.074,2.398
0.083,5.215,-0.137,27.478,27.508,23.886,13.116,-3.758,22081.0,204.0,204.0,204.0,0.0,23.86,13.102,1.246
0.083,5.215,-0.131,27.426,27.397,23.808,13.073,-3.59,22081.0,204.0,204.0,204.0,0.0,23.833,13.087,1.4060000000000001
0.083,5.215,-0.053,27.32,27.325,23.917,13.133,-1.453,22081.0,6.0,6.0,6.0,0.0,23.913,13.131,3.5469999999999997
0.083,5.215,-0.048,28.113,28.011,24.524,13.466,-1.353,22081.0,204.0,204.0,204.0,0.0,24.613,13.515,3.642
0.083,5.215,-0.088,27.268,27.263,23.804,13.071,-2.401,22081.0,204.0,204.0,204.0,0.0,23.809,13.073,2.598
0.083,5.215,-0.084,27.256,27.186,23.746,13.039,-2.274,22081.0,204.0,204.0,204.0,0.0,23.808,13.073,2.72
0.083,5.215,-0.042,31.85,31.82,27.868,15.302,-1.323,22081.0,204.0,204.0,204.0,0.0,27.894,15.316,3.676
0.083,5.215,-0.037,32.903,32.756,28.693,15.755,-1.208,22081.0,204.0,204.0,204.0,0.0,28.821,15.826,3.786
0.083,5.215,-0.077,27.244,27.334,23.888,13.117,-2.115,22081.0,204.0,204.0,204.0,0.0,23.809,13.074,2.892
0.083,5.215,-0.071,27.239,27.332,23.898,13.122,-1.943,22081.0,6.0,6.0,6.0,0.0,23.816,13.077,3.064
0.083,5.215,-0.066,27.241,27.232,23.818,13.079,-1.797,22081.0,6.0,6.0,6.0,0.0,23.826,13.083,3.202
0.083,5.215,-0.06,27.26,27.291,23.879,13.112,-1.629,22081.0,6.0,6.0,6.0,0.0,23.852,13.097,3.373
0.083,5.218,-0.124,27.405,27.466,23.85,13.19,-3.402,22081.0,204.0,204.0,204.0,0.0,23.797,13.161,1.6059999999999999
0.083,5.218,-0.119,27.38,27.361,23.774,13.148,-3.252,22081.0,204.0,204.0,204.0,0.0,23.79,13.157,1.746
0.083,5.218,-0.113,27.349,27.272,23.712,13.114,-3.083,22081.0,204.0,204.0,204.0,0.0,23.779,13.151,1.908
0.083,5.218,-0.106,27.321,27.374,23.82,13.173,-2.908,22081.0,204.0,204.0,204.0,0.0,23.773,13.147,2.098
0.083,5.218,-0.102,27.307,27.411,23.863,13.197,-2.79,22081.0,204.0,204.0,204.0,0.0,23.772,13.147,2.22
0.083,5.218,-0.095,27.289,27.237,23.727,13.122,-2.597,22081.0,204.0,204.0,204.0,0.0,23.771,13.146,2.398
0.083,5.218,-0.137,27.479,27.481,23.823,13.175,-3.754,22081.0,204.0,204.0,204.0,0.0,23.821,13.174,1.246
0.083,5.218,-0.131,27.426,27.348,23.725,13.121,-3.583,22081.0,204.0,204.0,204.0,0.0,23.794,13.159,1.4060000000000001
0.083,5.218,-0.053,27.32,27.392,23.936,13.238,-1.457,22081.0,6.0,6.0,6.0,0.0,23.874,13.203,3.5469999999999997
0.083,5.218,-0.048,28.113,28.052,24.52,13.56,-1.355,22081.0,204.0,204.0,204.0,0.0,24.573,13.589,3.642
0.083,5.218,-0.088,27.268,27.276,23.776,13.149,-2.403,22081.0,204.0,204.0,204.0,0.0,23.769,13.145,2.598
0.083,5.218,-0.084,27.256,27.187,23.708,13.111,-2.274,22081.0,204.0,204.0,204.0,0.0,23.768,13.145,2.72
0.083,5.218,-0.042,31.849,31.812,27.815,15.382,-1.323,22081.0,204.0,204.0,204.0,0.0,27.846,15.4,3.676
0.083,5.218,-0.037,32.903,32.798,28.682,15.862,-1.21,22081.0,204.0,204.0,204.0,0.0,28.773,15.913,3.786
0.083,5.218,-0.077,27.244,27.385,23.893,13.213,-2.118,22081.0,204.0,204.0,204.0,0.0,23.77,13.145,2.892
0.083,5.218,-0.071,27.239,27.337,23.862,13.196,-1.943,22081.0,6.0,6.0,6.0,0.0,23.776,13.149,3.064
0.083,5.218,-0.066,27.241,27.195,23.746,13.132,-1.795,22081.0,6.0,6.0,6.0,0.0,23.787,13.155,3.202
0.083,5.218,-0.06,27.26,27.306,23.853,13.191,-1.63,22081.0,6.0,6.0,6.0,0.0,23.812,13.169,3.373
0.083,5.221,-0.124,27.406,27.423,23.773,13.241,-3.396,22081.0,204.0,204.0,204.0,0.0,23.758,13.233,1.6059999999999999
0.083,5.221,-0.119,27.38,27.384,23.754,13.23,-3.255,22081.0,204.0,204.0,204.0,0.0,23.751,13.229,1.746
0.083,5.221,-0.113,27.349,27.273,23.674,13.186,-3.083,22081.0,204.0,204.0,204.0,0.0,23.74,13.222,1.908
0.083,5.221,-0.106,27.321,27.359,23.767,13.238,-2.906,22081.0,204.0,204.0,204.0,0.0,23.734,13.219,2.098
0.083,5.221,-0.102,27.308,27.346,23.766,13.237,-2.784,22081.0,204.0,204.0,204.0,0.0,23.733,13.219,2.22
0.083,5.221,-0.095,27.289,27.281,23.725,13.214,-2.601,22081.0,204.0,204.0,204.0,0.0,23.732,13.218,2.398
0.083,5.221,-0.137,27.479,27.48,23.783,13.246,-3.754,22081.0,204.0,204.0,204.0,0.0,23.781,13.246,1.246
0.083,5.221,-0.131,27.427,27.371,23.706,13.204,-3.586,22081.0,204.0,204.0,204.0,0.0,23.754,13.23,1.4060000000000001
0.083,5.221,-0.053,27.32,27.334,23.846,13.282,-1.454,22081.0,6.0,6.0,6.0,0.0,23.834,13.275,3.5469999999999997
0.083,5.221,-0.048,28.113,28.026,24.456,13.621,-1.354,22081.0,204.0,204.0,204.0,0.0,24.531,13.663,3.642
0.083,5.221,-0.088,27.268,27.222,23.69,13.195,-2.398,22081.0,204.0,204.0,204.0,0.0,23.73,13.217,2.598
0.083,5.221,-0.084,27.257,27.213,23.69,13.195,-2.276,22081.0,204.0,204.0,204.0,0.0,23.729,13.216,2.72
0.083,5.221,-0.042,31.849,31.769,27.73,15.445,-1.321,22081.0,204.0,204.0,204.0,0.0,27.801,15.484,3.676
0.083,5.221,-0.037,32.903,32.73,28.575,15.916,-1.207,22081.0,204.0,204.0,204.0,0.0,28.725,15.999,3.786
0.083,5.221,-0.077,27.244,27.305,23.783,13.246,-2.112,22081.0,204.0,204.0,204.0,0.0,23.73,13.217,2.892
0.083,5.221,-0.071,27.239,27.322,23.809,13.261,-1.942,22081.0,6.0,6.0,6.0,0.0,23.737,13.221,3.064
0.083,5.221,-0.066,27.242,27.256,23.76,13.234,-1.799,22081.0,6.0,6.0,6.0,0.0,23.747,13.227,3.202
0.083,5.221,-0.06,27.26,27.321,23.826,13.271,-1.631,22081.0,6.0,6.0,6.0,0.0,23.773,13.241,3.373
0.083,5.224,-0.124,27.406,27.464,23.768,13.332,-3.401,22081.0,204.0,204.0,204.0,0.0,23.718,13.305,1.6059999999999999
0.083,5.224,-0.119,27.381,27.399,23.727,13.309,-3.256,22081.0,204.0,204.0,204.0,0.0,23.711,13.3,1.746
0.083,5.224,-0.113,27.35,27.311,23.667,13.275,-3.087,22081.0,204.0,204.0,204.0,0.0,23.7,13.294,1.908
0.083,5.224,-0.106,27.322,27.438,23.795,13.347,-2.914,22081.0,204.0,204.0,204.0,0.0,23.694,13.291,2.098
0.083,5.224,-0.102,27.308,27.385,23.76,13.328,-2.788,22081.0,204.0,204.0,204.0,0.0,23.693,13.29,2.22
0.083,5.224,-0.095,27.289,27.268,23.674,13.279,-2.6,22081.0,204.0,204.0,204.0,0.0,23.692,13.29,2.398
0.083,5.224,-0.137,27.48,27.501,23.761,13.328,-3.757,22081.0,204.0,204.0,204.0,0.0,23.742,13.318,1.246
0.083,5.224,-0.131,27.427,27.386,23.679,13.283,-3.588,22081.0,204.0,204.0,204.0,0.0,23.715,13.302,1.4060000000000001
0.083,5.224,-0.053,27.321,27.35,23.82,13.361,-1.455,22081.0,6.0,6.0,6.0,0.0,23.794,13.347,3.5469999999999997
0.083,5.224,-0.048,28.113,28.022,24.411,13.693,-1.354,22081.0,204.0,204.0,204.0,0.0,24.49,13.737,3.642
0.083,5.224,-0.088,27.269,27.268,23.69,13.288,-2.402,22081.0,204.0,204.0,204.0,0.0,23.69,13.289,2.598
0.083,5.224,-0.084,27.257,27.199,23.638,13.26,-2.275,22081.0,204.0,204.0,204.0,0.0,23.689,13.288,2.72
0.083,5.224,-0.042,31.851,31.804,27.714,15.546,-1.322,22081.0,204.0,204.0,204.0,0.0,27.755,15.569,3.676
0.083,5.224,-0.037,32.998,32.834,28.617,16.052,-1.211,22081.0,204.0,204.0,204.0,0.0,28.76,16.132,3.783
0.083,5.224,-0.077,27.245,27.31,23.747,13.32,-2.113,22081.0,204.0,204.0,204.0,0.0,23.691,13.289,2.892
0.083,5.224,-0.071,27.24,27.348,23.791,13.345,-1.944,22081.0,6.0,6.0,6.0,0.0,23.697,13.293,3.064
0.083,5.224,-0.066,27.242,27.224,23.691,13.289,-1.797,22081.0,6.0,6.0,6.0,0.0,23.708,13.298,3.202
0.083,5.224,-0.06,27.261,27.223,23.7,13.294,-1.625,22081.0,6.0,6.0,6.0,0.0,23.733,13.313,3.373
0.083,5.227,-0.124,27.407,27.498,23.757,13.421,-3.406,22081.0,204.0,204.0,204.0,0.0,23.679,13.376,1.6059999999999999
0.083,5.227,-0.119,27.382,27.385,23.675,13.374,-3.255,22081.0,204.0,204.0,204.0,0.0,23.672,13.372,1.746
0.083,5.227,-0.113,27.35,27.276,23.596,13.33,-3.083,22081.0,204.0,204.0,204.0,0.0,23.661,13.366,1.908
0.083,5.227,-0.106,27.323,27.342,23.672,13.372,-2.904,22081.0,204.0,204.0,204.0,0.0,23.655,13.363,2.098
0.083,5.227,-0.102,27.309,27.354,23.693,13.384,-2.785,22081.0,204.0,204.0,204.0,0.0,23.654,13.362,2.22
0.083,5.227,-0.095,27.29,27.306,23.666,13.369,-2.604,22081.0,204.0,204.0,204.0,0.0,23.653,13.362,2.398
0.083,5.227,-0.137,27.48,27.477,23.699,13.388,-3.753,22081.0,204.0,204.0,204.0,0.0,23.702,13.39,1.246
0.083,5.227,-0.131,27.41,27.388,23.641,13.355,-3.589,22081.0,204.0,204.0,204.0,0.0,23.659,13.365,1.408
0.083,5.227,-0.053,27.322,27.368,23.795,13.442,-1.456,22081.0,6.0,6.0,6.0,0.0,23.755,13.419,3.5469999999999997
0.083,5.227,-0.048,28.113,28.094,24.433,13.802,-1.357,22081.0,204.0,204.0,204.0,0.0,24.449,13.811,3.642
0.083,5.227,-0.088,27.27,27.165,23.56,13.309,-2.393,22081.0,204.0,204.0,204.0,0.0,23.651,13.36,2.598
0.083,5.227,-0.084,27.258,27.18,23.582,13.322,-2.273,22081.0,204.0,204.0,204.0,0.0,23.65,13.36,2.72
0.083,5.227,-0.042,31.854,31.771,27.638,15.613,-1.321,22081.0,204.0,204.0,204.0,0.0,27.711,15.654,3.676
0.083,5.227,-0.037,32.903,32.73,28.478,16.088,-1.207,22081.0,204.0,204.0,204.0,0.0,28.628,16.172,3.786
0.083,5.227,-0.077,27.246,27.308,23.705,13.391,-2.112,22081.0,204.0,204.0,204.0,0.0,23.651,13.361,2.892
0.083,5.227,-0.071,27.24,27.28,23.692,13.384,-1.939,22081.0,6.0,6.0,6.0,0.0,23.658,13.364,3.064
0.083,5.227,-0.066,27.243,27.261,23.684,13.379,-1.799,22081.0,6.0,6.0,6.0,0.0,23.668,13.37,3.202
0.083,5.227,-0.06,27.262,27.292,23.72,13.399,-1.629,22081.0,6.0,6.0,6.0,0.0,23.694,13.385,3.372
0.083,5.23,-0.124,27.408,27.412,23.643,13.45,-3.395,22081.0,204.0,204.0,204.0,0.0,23.639,13.448,1.605
0.083,5.23,-0.119,27.383,27.371,23.622,13.439,-3.253,22081.0,204.0,204.0,204.0,0.0,23.632,13.444,1.745
0.083,5.23,-0.113,27.351,27.291,23.569,13.408,-3.085,22081.0,204.0,204.0,204.0,0.0,23.621,13.438,1.908
0.083,5.23,-0.106,27.324,27.363,23.649,13.454,-2.906,22081.0,204.0,204.0,204.0,0.0,23.615,13.435,2.098
0.083,5.23,-0.102,27.31,27.374,23.67,13.466,-2.787,22081.0,204.0,204.0,204.0,0.0,23.614,13.434,2.22
0.083,5.23,-0.095,27.291,27.23,23.56,13.403,-2.596,22081.0,204.0,204.0,204.0,0.0,23.613,13.433,2.398
0.083,5.23,-0.137,27.482,27.51,23.688,13.476,-3.758,22081.0,204.0,204.0,204.0,0.0,23.663,13.462,1.246
0.083,5.23,-0.131,27.411,27.397,23.608,13.43,-3.59,22081.0,204.0,204.0,204.0,0.0,23.62,13.437,1.408
0.083,5.23,-0.053,27.323,27.315,23.708,13.487,-1.453,22081.0,6.0,6.0,6.0,0.0,23.715,13.491,3.5469999999999997
0.083,5.23,-0.048,28.113,27.975,24.288,13.817,-1.351,22081.0,204.0,204.0,204.0,0.0,24.407,13.885,3.642
0.083,5.23,-0.088,27.271,27.259,23.601,13.426,-2.401,22081.0,204.0,204.0,204.0,0.0,23.611,13.432,2.598
0.083,5.23,-0.084,27.259,27.174,23.537,13.39,-2.273,22081.0,204.0,204.0,204.0,0.0,23.61,13.432,2.72
0.083,5.23,-0.042,31.857,31.864,27.672,15.742,-1.325,22081.0,204.0,204.0,204.0,0.0,27.666,15.739,3.675
0.083,5.23,-0.037,32.998,32.877,28.557,16.246,-1.213,22081.0,204.0,204.0,204.0,0.0,28.662,16.306,3.783
0.083,5.23,-0.077,27.247,27.285,23.645,13.451,-2.111,22081.0,204.0,204.0,204.0,0.0,23.612,13.433,2.892
0.083,5.23,-0.071,27.241,27.323,23.689,13.477,-1.942,22081.0,6.0,6.0,6.0,0.0,23.618,13.436,3.064
0.083,5.23,-0.066,27.244,27.279,23.659,13.46,-1.8,22081.0,6.0,6.0,6.0,0.0,23.629,13.442,3.202
0.083,5.23,-0.06,27.263,27.258,23.65,13.454,-1.627,22081.0,6.0,6.0,6.0,0.0,23.654,13.457,3.372
0.083,5.233,-0.124,27.409,27.484,23.664,13.557,-3.404,22081.0,204.0,204.0,204.0,0.0,23.6,13.52,1.605
0.083,5.233,-0.119,27.384,27.42,23.623,13.534,-3.259,22081.0,204.0,204.0,204.0,0.0,23.593,13.516,1.745
0.083,5.233,-0.113,27.353,27.199,23.449,13.434,-3.075,22081.0,204.0,204.0,204.0,0.0,23.582,13.51,1.908
0.083,5.233,-0.106,27.325,27.346,23.594,13.517,-2.905,22081.0,204.0,204.0,204.0,0.0,23.576,13.506,2.098
0.083,5.233,-0.102,27.311,27.397,23.648,13.548,-2.789,22081.0,204.0,204.0,204.0,0.0,23.575,13.506,2.22
0.083,5.233,-0.095,27.293,27.281,23.564,13.5,-2.601,22081.0,204.0,204.0,204.0,0.0,23.574,13.505,2.398
0.083,5.233,-0.137,27.483,27.446,23.592,13.516,-3.749,22081.0,204.0,204.0,204.0,0.0,23.623,13.534,1.246
0.083,5.233,-0.131,27.412,27.366,23.54,13.486,-3.586,22081.0,204.0,204.0,204.0,0.0,23.58,13.509,1.408
0.083,5.233,-0.053,27.324,27.312,23.665,13.557,-1.453,22081.0,6.0,6.0,6.0,0.0,23.675,13.563,3.5469999999999997
0.083,5.233,-0.048,28.113,28.058,24.318,13.931,-1.355,22081.0,204.0,204.0,204.0,0.0,24.365,13.959,3.642
0.083,5.233,-0.088,27.272,27.221,23.528,13.479,-2.398,22081.0,204.0,204.0,204.0,0.0,23.572,13.504,2.598
0.083,5.233,-0.084,27.26,27.231,23.545,13.489,-2.277,22081.0,204.0,204.0,204.0,0.0,23.571,13.504,2.72
0.083,5.233,-0.042,31.86,31.819,27.586,15.804,-1.323,22081.0,204.0,204.0,204.0,0.0,27.621,15.824,3.675
0.083,5.233,-0.037,32.903,32.76,28.406,16.274,-1.208,22081.0,204.0,204.0,204.0,0.0,28.53,16.345,3.786
0.083,5.233,-0.077,27.248,27.342,23.654,13.551,-2.115,22081.0,204.0,204.0,204.0,0.0,23.572,13.504,2.892
0.083,5.233,-0.071,27.243,27.29,23.619,13.531,-1.94,22081.0,6.0,6.0,6.0,0.0,23.579,13.508,3.064
0.083,5.233,-0.066,27.245,27.249,23.592,13.516,-1.798,22081.0,6.0,6.0,6.0,0.0,23.589,13.514,3.202
0.083,5.233,-0.06,27.264,27.291,23.638,13.542,-1.629,22081.0,6.0,6.0,6.0,0.0,23.615,13.529,3.372
0.083,5.236,-0.124,27.411,27.452,23.595,13.612,-3.4,22081.0,204.0,204.0,204.0,0.0,23.56,13.592,1.605
0.083,5.236,-0.119,27.386,27.414,23.578,13.602,-3.258,22081.0,204.0,204.0,204.0,0.0,23.553,13.588,1.745
0.083,5.236,-0.113,27.354,27.263,23.463,13.536,-3.082,22081.0,204.0,204.0,204.0,0.0,23.542,13.582,1.908
0.083,5.236,-0.106,27.327,27.373,23.576,13.601,-2.908,22081.0,204.0,204.0,204.0,0.0,23.536,13.578,2.097
0.083,5.236,-0.102,27.313,27.417,23.625,13.629,-2.791,22081.0,204.0,204.0,204.0,0.0,23.535,13.578,2.22
0.083,5.236,-0.095,27.294,27.31,23.548,13.585,-2.604,22081.0,204.0,204.0,204.0,0.0,23.534,13.577,2.398
0.083,5.236,-0.137,27.485,27.525,23.619,13.626,-3.76,22081.0,204.0,204.0,204.0,0.0,23.584,13.606,1.246
0.083,5.236,-0.131,27.414,27.326,23.465,13.537,-3.581,22081.0,204.0,204.0,204.0,0.0,23.541,13.581,1.408
0.083,5.236,-0.053,27.325,27.3,23.613,13.623,-1.452,22081.0,6.0,6.0,6.0,0.0,23.636,13.635,3.5469999999999997
0.083,5.236,-0.048,28.113,28.037,24.257,13.994,-1.354,22081.0,204.0,204.0,204.0,0.0,24.323,14.032,3.642
0.083,5.236,-0.088,27.274,27.167,23.44,13.523,-2.393,22081.0,204.0,204.0,204.0,0.0,23.532,13.576,2.598
0.083,5.236,-0.084,27.262,27.214,23.49,13.551,-2.276,22081.0,204.0,204.0,204.0,0.0,23.531,13.575,2.72
0.083,5.236,-0.042,31.869,31.81,27.53,15.882,-1.323,22081.0,204.0,204.0,204.0,0.0,27.581,15.911,3.675
0.083,5.236,-0.037,32.998,32.869,28.451,16.414,-1.212,22081.0,204.0,204.0,204.0,0.0,28.563,16.478,3.783
0.083,5.236,-0.077,27.25,27.251,23.534,13.577,-2.108,22081.0,204.0,204.0,204.0,0.0,23.533,13.576,2.892
0.083,5.236,-0.071,27.244,27.339,23.621,13.627,-1.943,22081.0,6.0,6.0,6.0,0.0,23.539,13.58,3.064
0.083,5.236,-0.066,27.247,27.253,23.555,13.589,-1.799,22081.0,6.0,6.0,6.0,0.0,23.55,13.586,3.202
0.083,5.236,-0.06,27.266,27.341,23.64,13.638,-1.632,22081.0,6.0,6.0,6.0,0.0,23.575,13.601,3.372
0.083,5.239,-0.124,27.413,27.396,23.506,13.656,-3.393,22081.0,204.0,204.0,204.0,0.0,23.521,13.664,1.605
0.083,5.239,-0.119,27.388,27.369,23.497,13.65,-3.253,22081.0,204.0,204.0,204.0,0.0,23.514,13.66,1.745
0.083,5.239,-0.113,27.356,27.232,23.396,13.591,-3.078,22081.0,204.0,204.0,204.0,0.0,23.503,13.653,1.908
0.083,5.239,-0.106,27.328,27.413,23.569,13.692,-2.912,22081.0,204.0,204.0,204.0,0.0,23.497,13.65,2.097
0.083,5.239,-0.102,27.315,27.347,23.524,13.666,-2.784,22081.0,204.0,204.0,204.0,0.0,23.496,13.65,2.219
0.083,5.239,-0.095,27.296,27.281,23.482,13.641,-2.601,22081.0,204.0,204.0,204.0,0.0,23.495,13.649,2.397
0.083,5.239,-0.137,27.487,27.461,23.522,13.665,-3.751,22081.0,204.0,204.0,204.0,0.0,23.544,13.678,1.245
0.083,5.239,-0.131,27.411,27.374,23.466,13.632,-3.587,22081.0,204.0,204.0,204.0,0.0,23.498,13.65,1.408
0.083,5.239,-0.053,27.327,27.364,23.628,13.726,-1.456,22081.0,6.0,6.0,6.0,0.0,23.596,13.708,3.5460000000000003
0.083,5.239,-0.048,28.127,28.037,24.215,14.067,-1.354,22081.0,204.0,204.0,204.0,0.0,24.292,14.112,3.641
0.083,5.239,-0.088,27.275,27.268,23.487,13.644,-2.402,22081.0,204.0,204.0,204.0,0.0,23.493,13.648,2.598
0.083,5.239,-0.084,27.264,27.154,23.398,13.592,-2.271,22081.0,204.0,204.0,204.0,0.0,23.492,13.647,2.72
0.083,5.239,-0.042,31.884,31.843,27.51,15.981,-1.324,22081.0,204.0,204.0,204.0,0.0,27.546,16.002,3.674
0.083,5.239,-0.037,32.922,32.837,28.374,16.483,-1.211,22081.0,204.0,204.0,204.0,0.0,28.448,16.526,3.786
0.083,5.239,-0.077,27.252,27.301,23.536,13.673,-2.112,22081.0,204.0,204.0,204.0,0.0,23.493,13.648,2.892
0.083,5.239,-0.071,27.246,27.327,23.569,13.692,-1.942,22081.0,6.0,6.0,6.0,0.0,23.5,13.652,3.0629999999999997
0.083,5.239,-0.066,27.249,27.247,23.509,13.657,-1.798,22081.0,6.0,6.0,6.0,0.0,23.51,13.658,3.202
0.083,5.239,-0.06,27.267,27.334,23.593,13.706,-1.632,22081.0,6.0,6.0,6.0,0.0,23.535,13.672,3.372
0.083,5.242,-0.124,27.417,27.368,23.441,13.713,-3.39,22081.0,204.0,204.0,204.0,0.0,23.483,13.737,1.604
0.083,5.242,-0.119,27.391,27.405,23.487,13.739,-3.257,22081.0,204.0,204.0,204.0,0.0,23.476,13.733,1.7440000000000002
0.083,5.242,-0.113,27.36,27.278,23.394,13.685,-3.084,22081.0,204.0,204.0,204.0,0.0,23.465,13.726,1.907
0.083,5.242,-0.106,27.332,27.364,23.486,13.739,-2.907,22081.0,204.0,204.0,204.0,0.0,23.458,13.722,2.097
0.083,5.242,-0.102,27.318,27.386,23.516,13.756,-2.788,22081.0,204.0,204.0,204.0,0.0,23.457,13.722,2.219
0.083,5.242,-0.095,27.299,27.295,23.453,13.719,-2.603,22081.0,204.0,204.0,204.0,0.0,23.456,13.721,2.397
0.083,5.242,-0.137,27.492,27.494,23.509,13.752,-3.756,22081.0,204.0,204.0,204.0,0.0,23.507,13.751,1.245
0.083,5.242,-0.131,27.42,27.419,23.463,13.725,-3.593,22081.0,204.0,204.0,204.0,0.0,23.464,13.726,1.407
0.083,5.242,-0.053,27.331,27.318,23.546,13.774,-1.453,22081.0,6.0,6.0,6.0,0.0,23.558,13.781,3.5460000000000003
0.083,5.242,-0.048,28.17,28.082,24.211,14.163,-1.356,22081.0,204.0,204.0,204.0,0.0,24.287,14.207,3.6390000000000002
0.083,5.242,-0.088,27.279,27.258,23.437,13.71,-2.401,22081.0,204.0,204.0,204.0,0.0,23.454,13.72,2.597
0.083,5.242,-0.084,27.267,27.226,23.418,13.699,-2.277,22081.0,204.0,204.0,204.0,0.0,23.454,13.72,2.72
0.083,5.242,-0.042,31.951,31.874,27.488,16.08,-1.325,22081.0,204.0,204.0,204.0,0.0,27.555,16.119,3.6719999999999997
0.083,5.242,-0.077,27.255,27.329,23.518,13.758,-2.114,22081.0,204.0,204.0,204.0,0.0,23.455,13.721,2.892
0.083,5.242,-0.071,27.25,27.339,23.538,13.769,-1.943,22081.0,6.0,6.0,6.0,0.0,23.462,13.724,3.0629999999999997
0.083,5.242,-0.066,27.253,27.256,23.475,13.732,-1.799,22081.0,6.0,6.0,6.0,0.0,23.472,13.731,3.201
0.083,5.242,-0.06,27.272,27.256,23.484,13.738,-1.627,22081.0,6.0,6.0,6.0,0.0,23.498,13.746,3.372
0.083,5.245,-0.124,27.418,27.474,23.491,13.837,-3.403,22081.0,72.0,204.0,204.0,0.0,23.443,13.808,1.604
0.083,5.245,-0.119,27.396,27.417,23.456,13.816,-3.259,22081.0,204.0,204.0,204.0,0.0,23.438,13.806,1.7440000000000002
0.083,5.245,-0.113,27.365,27.261,23.338,13.747,-3.082,22081.0,204.0,204.0,204.0,0.0,23.427,13.799,1.907
0.083,5.245,-0.106,27.337,27.359,23.44,13.807,-2.906,22081.0,204.0,204.0,204.0,0.0,23.421,13.796,2.096
0.083,5.245,-0.102,27.323,27.395,23.482,13.832,-2.789,22081.0,204.0,204.0,204.0,0.0,23.42,13.795,2.219
0.083,5.245,-0.095,27.304,27.282,23.4,13.783,-2.601,22081.0,204.0,204.0,204.0,0.0,23.419,13.794,2.397
0.083,5.245,-0.137,27.5,27.517,23.487,13.835,-3.759,22081.0,204.0,204.0,204.0,0.0,23.473,13.826,1.2440000000000002
0.083,5.245,-0.131,27.431,27.395,23.401,13.784,-3.59,22081.0,204.0,204.0,204.0,0.0,23.432,13.802,1.4060000000000001
0.083,5.245,-0.053,27.339,27.35,23.533,13.861,-1.455,22081.0,6.0,6.0,6.0,0.0,23.523,13.855,3.5460000000000003
0.083,5.245,-0.048,28.294,28.267,24.328,14.33,-1.365,22081.0,204.0,204.0,204.0,0.0,24.351,14.343,3.633
0.083,5.245,-0.088,27.283,27.217,23.36,13.76,-2.397,22081.0,204.0,204.0,204.0,0.0,23.417,13.793,2.597
0.083,5.245,-0.084,27.272,27.202,23.356,13.757,-2.275,22081.0,204.0,204.0,204.0,0.0,23.416,13.793,2.719
0.083,5.245,-0.042,32.884,32.84,28.271,16.653,-1.365,22081.0,204.0,204.0,204.0,0.0,28.309,16.675,3.633
0.083,5.245,-0.077,27.26,27.27,23.426,13.799,-2.11,22081.0,204.0,204.0,204.0,0.0,23.418,13.794,2.891
0.083,5.245,-0.071,27.255,27.308,23.47,13.824,-1.941,22081.0,6.0,6.0,6.0,0.0,23.425,13.798,3.0629999999999997
0.083,5.245,-0.066,27.259,27.24,23.42,13.795,-1.798,22081.0,6.0,6.0,6.0,0.0,23.436,13.804,3.201
0.083,5.245,-0.06,27.278,27.309,23.488,13.835,-1.63,22081.0,6.0,6.0,6.0,0.0,23.462,13.82,3.371
0.084,5.248,-0.124,27.43,27.405,23.389,13.872,-3.394,22081.0,72.0,204.0,204.0,0.0,23.411,13.885,1.6030000000000002
0.084,5.248,-0.119,27.404,27.419,23.416,13.888,-3.259,22081.0,72.0,204.0,204.0,0.0,23.403,13.88,1.7429999999999999
0.084,5.248,-0.113,27.376,27.267,23.302,13.82,-3.082,22081.0,204.0,204.0,204.0,0.0,23.395,13.875,1.9049999999999998
0.084,5.248,-0.106,27.347,27.436,23.464,13.916,-2.914,22081.0,204.0,204.0,204.0,0.0,23.388,13.871,2.095
0.084,5.248,-0.102,27.333,27.349,23.401,13.879,-2.784,22081.0,204.0,204.0,204.0,0.0,23.387,13.871,2.218
0.084,5.248,-0.095,27.314,27.291,23.366,13.858,-2.602,22081.0,204.0,204.0,204.0,0.0,23.386,13.87,2.396
0.084,5.248,-0.137,27.512,27.522,23.45,13.908,-3.76,22081.0,204.0,204.0,204.0,0.0,23.441,13.903,1.242
0.084,5.248,-0.131,27.437,27.354,23.324,13.833,-3.584,22081.0,204.0,1.0,0.0,0.0,23.395,13.875,1.4049999999999998
0.084,5.248,-0.053,27.35,27.4,23.533,13.958,-1.457,22081.0,6.0,6.0,6.0,0.0,23.49,13.932,3.545
0.084,5.248,-0.048,28.549,28.468,24.457,14.505,-1.375,22081.0,204.0,204.0,204.0,0.0,24.526,14.546,3.621
0.084,5.248,-0.088,27.293,27.227,23.327,13.835,-2.398,22081.0,204.0,204.0,204.0,0.0,23.384,13.869,2.596
0.084,5.248,-0.084,27.282,27.21,23.322,13.832,-2.276,22081.0,204.0,204.0,204.0,0.0,23.383,13.869,2.718
0.084,5.248,-0.077,27.271,27.307,23.416,13.888,-2.112,22081.0,204.0,204.0,204.0,0.0,23.385,13.87,2.89
0.084,5.248,-0.071,27.267,27.332,23.449,13.908,-1.943,22081.0,6.0,6.0,6.0,0.0,23.393,13.874,3.0620000000000003
0.084,5.248,-0.066,27.27,27.324,23.45,13.908,-1.803,22081.0,6.0,6.0,6.0,0.0,23.404,13.881,3.2
0.084,5.248,-0.06,27.289,27.296,23.436,13.9,-1.63,22081.0,6.0,6.0,6.0,0.0,23.43,13.896,3.371
0.084,5.251,-0.124,27.449,27.457,23.392,13.969,-3.401,22081.0,72.0,204.0,204.0,0.0,23.385,13.965,1.6
0.084,5.251,-0.119,27.408,27.41,23.367,13.954,-3.258,22081.0,204.0,1.0,0.0,0.0,23.365,13.953,1.742
0.084,5.251,-0.113,27.389,27.294,23.283,13.904,-3.085,22081.0,72.0,204.0,204.0,0.0,23.364,13.953,1.904
0.084,5.251,-0.106,27.359,27.408,23.399,13.973,-2.911,22081.0,72.0,204.0,204.0,0.0,23.356,13.948,2.094
0.084,5.251,-0.102,27.344,27.365,23.373,13.958,-2.786,22081.0,72.0,204.0,204.0,0.0,23.355,13.947,2.217
0.084,5.251,-0.095,27.329,27.359,23.382,13.963,-2.609,22081.0,204.0,204.0,204.0,0.0,23.356,13.948,2.394
0.084,5.251,-0.137,27.537,27.548,23.43,13.992,-3.763,22081.0,204.0,204.0,204.0,0.0,23.421,13.986,1.238
0.084,5.251,-0.131,27.459,27.427,23.344,13.941,-3.594,22081.0,204.0,204.0,204.0,0.0,23.372,13.957,1.4020000000000001
0.084,5.251,-0.053,27.373,27.391,23.484,14.024,-1.457,22081.0,204.0,204.0,204.0,0.0,23.468,14.015,3.544
0.084,5.251,-0.088,27.31,27.276,23.327,13.931,-2.403,22081.0,204.0,204.0,204.0,0.0,23.356,13.948,2.595
0.084,5.251,-0.084,27.298,27.211,23.28,13.903,-2.276,22081.0,204.0,204.0,204.0,0.0,23.355,13.947,2.717
0.084,5.251,-0.077,27.288,27.345,23.407,13.978,-2.115,22081.0,204.0,204.0,204.0,0.0,23.358,13.949,2.889
0.084,5.251,-0.071,27.286,27.399,23.464,14.012,-1.947,22081.0,204.0,204.0,204.0,0.0,23.368,13.955,3.061
0.084,5.251,-0.066,27.291,27.323,23.408,13.979,-1.803,22081.0,204.0,204.0,204.0,0.0,23.38,13.962,3.199
0.084,5.251,-0.06,27.311,27.328,23.421,13.987,-1.632,22081.0,204.0,204.0,204.0,0.0,23.407,13.978,3.3689999999999998
0.084,5.254,-0.124,27.49,27.513,23.398,14.068,-3.408,22081.0,72.0,204.0,204.0,0.0,23.378,14.057,1.5950000000000002
0.084,5.254,-0.119,27.46,27.507,23.407,14.074,-3.269,22081.0,72.0,204.0,204.0,0.0,23.367,14.05,1.7360000000000002
0.084,5.254,-0.113,27.422,27.363,23.3,14.01,-3.093,22081.0,72.0,204.0,204.0,0.0,23.351,14.04,1.9
0.084,5.254,-0.106,27.389,27.438,23.381,14.059,-2.914,22081.0,72.0,204.0,204.0,0.0,23.34,14.034,2.091
0.084,5.254,-0.102,27.373,27.454,23.406,14.074,-2.795,22081.0,72.0,204.0,204.0,0.0,23.337,14.032,2.214
0.084,5.254,-0.095,27.357,27.345,23.328,14.027,-2.607,22081.0,204.0,204.0,204.0,0.0,23.338,14.033,2.392
0.084,5.254,-0.137,27.613,27.64,23.466,14.11,-3.776,22081.0,204.0,204.0,204.0,0.0,23.443,14.096,1.2280000000000002
0.084,5.254,-0.131,27.508,27.505,23.369,14.051,-3.604,22081.0,204.0,204.0,204.0,0.0,23.372,14.053,1.396
0.084,5.254,-0.053,27.473,27.417,23.464,14.108,-1.458,22081.0,204.0,204.0,204.0,0.0,23.511,14.137,3.5389999999999997
0.084,5.254,-0.088,27.338,27.273,23.283,13.999,-2.402,22081.0,204.0,204.0,204.0,0.0,23.338,14.032,2.592
0.084,5.254,-0.084,27.329,27.24,23.263,13.988,-2.278,22081.0,204.0,204.0,204.0,0.0,23.339,14.033,2.714
0.084,5.254,-0.077,27.324,27.377,23.392,14.065,-2.118,22081.0,204.0,204.0,204.0,0.0,23.346,14.038,2.886
0.084,5.254,-0.071,27.329,27.386,23.41,14.076,-1.946,22081.0,204.0,204.0,204.0,0.0,23.362,14.047,3.058
0.084,5.254,-0.066,27.339,27.322,23.364,14.048,-1.803,22081.0,204.0,204.0,204.0,0.0,23.379,14.057,3.1959999999999997
0.084,5.254,-0.06,27.362,27.347,23.395,14.067,-1.633,22081.0,204.0,204.0,204.0,0.0,23.408,14.075,3.366
0.084,5.257,-0.095,27.539,27.539,23.451,14.197,-2.626,22081.0,204.0,204.0,204.0,0.0,23.451,14.197,2.374
0.084,5.257,-0.088,27.543,27.524,23.454,14.199,-2.424,22081.0,204.0,204.0,204.0,0.0,23.47,14.209,2.574
