timestamp,yaw,pitch,distance,distance_noise,x,y,z,x_noise,y_noise,z_noise,object_id,color,color,color,id
0.082,5.169,-0.124,24.61,24.65,21.915,10.774,-3.048,21.951,10.791,-3.053,22081.0,72.0,204.0,204.0,0.0
0.082,5.169,-0.119,24.587,24.595,21.908,10.77,-2.922,21.916,10.774,-2.923,22081.0,72.0,204.0,204.0,0.0
0.082,5.169,-0.113,24.572,24.488,21.91,10.771,-2.778,21.835,10.735,-2.768,22081.0,204.0,204.0,204.0,0.0
0.082,5.169,-0.106,24.55,24.607,21.907,10.77,-2.608,21.958,10.795,-2.614,22081.0,204.0,204.0,204.0,0.0
0.082,5.169,-0.149,24.788,24.823,21.999,10.815,-3.676,22.03,10.83,-3.681,22081.0,204.0,204.0,204.0,0.0
0.082,5.169,-0.142,24.719,24.713,21.959,10.795,-3.509,21.953,10.792,-3.508,22081.0,204.0,204.0,204.0,0.0
0.082,5.169,-0.102,24.538,24.628,21.907,10.77,-2.498,21.987,10.809,-2.507,22081.0,204.0,204.0,204.0,0.0
0.082,5.169,-0.095,24.523,24.506,21.907,10.77,-2.338,21.892,10.762,-2.337,22081.0,204.0,204.0,204.0,0.0
0.082,5.169,-0.137,24.693,24.752,21.952,10.792,-3.373,22.005,10.818,-3.381,22081.0,72.0,204.0,204.0,0.0
0.082,5.169,-0.131,24.652,24.614,21.932,10.782,-3.23,21.899,10.766,-3.225,22081.0,72.0,204.0,204.0,0.0
0.082,5.169,-0.088,24.513,24.501,21.913,10.773,-2.159,21.902,10.767,-2.158,22081.0,204.0,204.0,204.0,0.0
0.082,5.169,-0.084,24.513,24.515,21.921,10.777,-2.05,21.923,10.778,-2.05,22081.0,204.0,204.0,204.0,0.0
0.082,5.169,-0.077,24.542,24.61,21.959,10.795,-1.899,22.019,10.825,-1.904,22081.0,204.0,204.0,204.0,0.0
0.082,5.169,-0.071,24.573,24.67,21.997,10.814,-1.747,22.083,10.856,-1.753,22081.0,204.0,204.0,204.0,0.0
0.082,5.169,-0.066,24.665,24.71,22.087,10.858,-1.628,22.127,10.878,-1.631,22081.0,6.0,6.0,6.0,0.0
0.082,5.172,-0.124,24.564,24.654,21.841,10.819,-3.042,21.922,10.859,-3.053,22081.0,72.0,204.0,204.0,0.0
0.082,5.172,-0.119,24.543,24.531,21.837,10.817,-2.917,21.826,10.812,-2.916,22081.0,72.0,204.0,204.0,0.0
0.082,5.172,-0.113,24.524,24.458,21.835,10.816,-2.772,21.776,10.787,-2.765,22081.0,72.0,204.0,204.0,0.0
0.082,5.172,-0.106,24.508,24.562,21.837,10.817,-2.603,21.885,10.841,-2.609,22081.0,204.0,204.0,204.0,0.0
0.082,5.172,-0.149,24.675,24.71,21.867,10.832,-3.659,21.897,10.847,-3.664,22081.0,204.0,204.0,204.0,0.0
0.082,5.172,-0.142,24.634,24.604,21.85,10.824,-3.497,21.824,10.811,-3.493,22081.0,204.0,204.0,204.0,0.0
0.082,5.172,-0.102,24.496,24.57,21.836,10.817,-2.494,21.902,10.849,-2.501,22081.0,204.0,204.0,204.0,0.0
0.082,5.172,-0.095,24.479,24.464,21.835,10.816,-2.334,21.822,10.81,-2.333,22081.0,204.0,204.0,204.0,0.0
0.082,5.172,-0.137,24.633,24.605,21.866,10.831,-3.365,21.842,10.82,-3.361,22081.0,72.0,204.0,204.0,0.0
0.082,5.172,-0.131,24.602,24.593,21.855,10.826,-3.224,21.847,10.822,-3.222,22081.0,72.0,204.0,204.0,0.0
0.082,5.172,-0.088,24.465,24.412,21.837,10.817,-2.155,21.79,10.794,-2.15,22081.0,204.0,204.0,204.0,0.0
0.082,5.172,-0.084,24.461,24.367,21.842,10.82,-2.046,21.759,10.778,-2.038,22081.0,204.0,204.0,204.0,0.0
0.082,5.172,-0.077,24.46,24.555,21.853,10.825,-1.892,21.937,10.867,-1.9,22081.0,204.0,204.0,204.0,0.0
0.082,5.172,-0.071,24.471,24.501,21.873,10.835,-1.739,21.9,10.848,-1.741,22081.0,204.0,204.0,204.0,0.0
0.082,5.172,-0.066,24.491,24.51,21.898,10.848,-1.616,21.915,10.856,-1.618,22081.0,204.0,204.0,204.0,0.0
0.082,5.172,-0.06,24.55,24.556,21.96,10.878,-1.466,21.965,10.881,-1.466,22081.0,204.0,204.0,204.0,0.0
0.082,5.172,-0.155,24.884,24.801,22.03,10.913,-3.845,21.957,10.877,-3.832,22081.0,204.0,204.0,204.0,0.0
0.082,5.175,-0.124,24.541,24.54,21.789,10.875,-3.039,21.788,10.875,-3.039,22081.0,72.0,204.0,204.0,0.0
0.082,5.175,-0.119,24.522,24.519,21.785,10.873,-2.914,21.783,10.872,-2.914,22081.0,72.0,204.0,204.0,0.0
0.082,5.175,-0.113,24.507,24.433,21.787,10.874,-2.77,21.721,10.841,-2.762,22081.0,204.0,204.0,204.0,0.0
0.082,5.175,-0.106,24.487,24.531,21.786,10.874,-2.601,21.825,10.893,-2.606,22081.0,204.0,204.0,204.0,0.0
0.082,5.175,-0.149,24.647,24.69,21.809,10.885,-3.655,21.847,10.904,-3.661,22081.0,204.0,204.0,204.0,0.0
0.082,5.175,-0.142,24.619,24.62,21.805,10.883,-3.495,21.805,10.884,-3.495,22081.0,204.0,204.0,204.0,0.0
0.082,5.175,-0.102,24.475,24.538,21.785,10.873,-2.491,21.841,10.901,-2.498,22081.0,204.0,204.0,204.0,0.0
0.082,5.175,-0.095,24.457,24.465,21.783,10.873,-2.332,21.79,10.876,-2.333,22081.0,204.0,204.0,204.0,0.0
0.082,5.175,-0.137,24.609,24.612,21.812,10.887,-3.362,21.815,10.888,-3.362,22081.0,72.0,204.0,204.0,0.0
0.082,5.175,-0.131,24.578,24.534,21.801,10.881,-3.22,21.763,10.862,-3.215,22081.0,72.0,204.0,204.0,0.0
0.082,5.175,-0.053,26.498,26.525,23.675,11.817,-1.409,23.7,11.829,-1.411,22081.0,204.0,204.0,204.0,0.0
0.082,5.175,-0.088,24.442,24.371,21.784,10.873,-2.153,21.721,10.842,-2.147,22081.0,204.0,204.0,204.0,0.0
0.082,5.175,-0.084,24.437,24.392,21.789,10.875,-2.044,21.748,10.855,-2.04,22081.0,6.0,6.0,6.0,0.0
0.082,5.175,-0.077,24.437,24.476,21.799,10.881,-1.89,21.834,10.898,-1.893,22081.0,6.0,6.0,6.0,0.0
0.082,5.175,-0.071,24.445,24.456,21.817,10.889,-1.737,21.827,10.894,-1.738,22081.0,6.0,6.0,6.0,0.0
0.082,5.175,-0.066,24.462,24.534,21.84,10.901,-1.615,21.904,10.933,-1.619,22081.0,6.0,6.0,6.0,0.0
0.082,5.175,-0.06,24.515,24.52,21.895,10.928,-1.464,21.9,10.931,-1.464,22081.0,204.0,204.0,204.0,0.0
0.082,5.175,-0.155,24.796,24.731,21.919,10.94,-3.831,21.862,10.912,-3.821,22081.0,204.0,204.0,204.0,0.0
0.082,5.178,-0.124,24.534,24.532,21.749,10.938,-3.039,21.748,10.937,-3.038,22081.0,204.0,204.0,204.0,0.0
0.082,5.178,-0.119,24.515,24.509,21.746,10.936,-2.914,21.74,10.933,-2.913,22081.0,204.0,204.0,204.0,0.0
0.082,5.178,-0.113,24.496,24.412,21.744,10.935,-2.769,21.669,10.897,-2.76,22081.0,204.0,204.0,204.0,0.0
0.082,5.178,-0.106,24.476,24.535,21.743,10.934,-2.6,21.795,10.961,-2.606,22081.0,204.0,204.0,204.0,0.0
0.082,5.178,-0.149,24.631,24.664,21.762,10.944,-3.653,21.791,10.959,-3.658,22081.0,204.0,204.0,204.0,0.0
0.082,5.178,-0.142,24.613,24.626,21.766,10.946,-3.494,21.778,10.952,-3.496,22081.0,204.0,204.0,204.0,0.0
0.082,5.178,-0.102,24.464,24.494,21.743,10.934,-2.49,21.769,10.948,-2.493,22081.0,204.0,204.0,204.0,0.0
0.082,5.178,-0.095,24.446,24.419,21.741,10.933,-2.331,21.716,10.921,-2.328,22081.0,204.0,204.0,204.0,0.0
0.082,5.178,-0.137,24.596,24.594,21.768,10.947,-3.36,21.766,10.946,-3.36,22081.0,72.0,204.0,204.0,0.0
0.082,5.178,-0.131,24.57,24.491,21.762,10.944,-3.219,21.692,10.909,-3.209,22081.0,204.0,204.0,204.0,0.0
0.082,5.178,-0.053,25.864,25.896,23.074,11.604,-1.376,23.102,11.618,-1.377,22081.0,204.0,204.0,204.0,0.0
0.082,5.178,-0.048,29.209,29.157,26.065,13.108,-1.411,26.018,13.084,-1.408,22081.0,204.0,204.0,204.0,0.0
0.082,5.178,-0.088,24.431,24.389,21.742,10.934,-2.152,21.704,10.915,-2.148,22081.0,204.0,204.0,204.0,0.0
0.082,5.178,-0.084,24.426,24.423,21.745,10.936,-2.043,21.743,10.934,-2.043,22081.0,6.0,6.0,6.0,0.0
0.082,5.178,-0.077,24.423,24.482,21.754,10.94,-1.889,21.806,10.966,-1.894,22081.0,6.0,6.0,6.0,0.0
0.082,5.178,-0.071,24.43,24.507,21.77,10.948,-1.736,21.839,10.983,-1.742,22081.0,6.0,6.0,6.0,0.0
0.082,5.178,-0.066,24.446,24.451,21.792,10.959,-1.613,21.797,10.961,-1.614,22081.0,6.0,6.0,6.0,0.0
0.082,5.178,-0.06,24.497,24.523,21.847,10.987,-1.463,21.87,10.998,-1.464,22081.0,6.0,6.0,6.0,0.0
0.082,5.178,-0.155,24.767,24.671,21.861,10.994,-3.827,21.776,10.951,-3.812,22081.0,204.0,204.0,204.0,0.0
0.082,5.181,-0.124,24.525,24.53,21.709,10.999,-3.037,21.713,11.002,-3.038,22081.0,204.0,204.0,204.0,0.0
0.082,5.181,-0.119,24.506,24.521,21.706,10.998,-2.913,21.718,11.004,-2.914,22081.0,204.0,204.0,204.0,0.0
0.082,5.181,-0.113,24.488,24.41,21.704,10.997,-2.768,21.635,10.962,-2.759,22081.0,204.0,204.0,204.0,0.0
0.082,5.181,-0.106,24.468,24.488,21.703,10.997,-2.599,21.72,11.005,-2.601,22081.0,204.0,204.0,204.0,0.0
0.082,5.181,-0.149,24.621,24.625,21.72,11.005,-3.651,21.723,11.007,-3.652,22081.0,204.0,204.0,204.0,0.0
0.082,5.181,-0.142,24.605,24.63,21.726,11.008,-3.493,21.748,11.019,-3.496,22081.0,204.0,204.0,204.0,0.0
0.082,5.181,-0.102,24.464,24.526,21.709,10.999,-2.49,21.764,11.027,-2.497,22081.0,204.0,204.0,204.0,0.0
0.082,5.181,-0.095,24.438,24.465,21.701,10.995,-2.33,21.724,11.007,-2.333,22081.0,204.0,204.0,204.0,0.0
0.082,5.181,-0.137,24.59,24.589,21.73,11.01,-3.359,21.728,11.009,-3.359,22081.0,204.0,204.0,204.0,0.0
0.082,5.181,-0.131,24.561,24.522,21.72,11.005,-3.218,21.686,10.988,-3.213,22081.0,204.0,204.0,204.0,0.0
0.082,5.181,-0.053,25.67,25.665,22.866,11.586,-1.365,22.861,11.583,-1.365,22081.0,204.0,204.0,204.0,0.0
0.082,5.181,-0.048,28.28,28.197,25.197,12.767,-1.366,25.123,12.729,-1.362,22081.0,204.0,204.0,204.0,0.0
0.082,5.181,-0.088,24.423,24.397,21.701,10.995,-2.151,21.678,10.984,-2.149,22081.0,204.0,204.0,204.0,0.0
0.082,5.181,-0.084,24.416,24.326,21.704,10.997,-2.042,21.624,10.956,-2.035,22081.0,6.0,6.0,6.0,0.0
0.082,5.181,-0.077,24.413,24.494,21.712,11.001,-1.889,21.784,11.038,-1.895,22081.0,6.0,6.0,6.0,0.0
0.082,5.181,-0.071,24.419,24.463,21.728,11.009,-1.736,21.766,11.029,-1.739,22081.0,6.0,6.0,6.0,0.0
0.082,5.181,-0.066,24.436,24.378,21.75,11.02,-1.613,21.698,10.994,-1.609,22081.0,6.0,6.0,6.0,0.0
0.082,5.181,-0.06,24.488,24.478,21.805,11.048,-1.462,21.796,11.043,-1.461,22081.0,6.0,6.0,6.0,0.0
0.082,5.181,-0.155,24.755,24.665,21.817,11.054,-3.825,21.737,11.014,-3.811,22081.0,204.0,204.0,204.0,0.0
0.083,5.184,-0.124,24.52,24.522,21.671,11.063,-3.037,21.673,11.064,-3.037,22081.0,204.0,204.0,204.0,0.0
0.083,5.184,-0.119,24.502,24.508,21.668,11.061,-2.912,21.674,11.064,-2.913,22081.0,204.0,204.0,204.0,0.0
0.083,5.184,-0.113,24.484,24.36,21.667,11.06,-2.768,21.558,11.005,-2.754,22081.0,204.0,204.0,204.0,0.0
0.083,5.184,-0.106,24.464,24.489,21.666,11.06,-2.599,21.688,11.071,-2.601,22081.0,204.0,204.0,204.0,0.0
0.083,5.184,-0.149,24.615,24.585,21.681,11.068,-3.65,21.654,11.054,-3.646,22081.0,204.0,204.0,204.0,0.0
0.083,5.184,-0.142,24.601,24.622,21.689,11.072,-3.492,21.708,11.081,-3.495,22081.0,204.0,204.0,204.0,0.0
0.083,5.184,-0.102,24.461,24.5,21.674,11.064,-2.49,21.708,11.081,-2.494,22081.0,204.0,204.0,204.0,0.0
0.083,5.184,-0.095,24.434,24.435,21.663,11.058,-2.33,21.664,11.059,-2.33,22081.0,204.0,204.0,204.0,0.0
0.083,5.184,-0.137,24.586,24.633,21.692,11.073,-3.358,21.734,11.095,-3.365,22081.0,204.0,204.0,204.0,0.0
0.083,5.184,-0.131,24.556,24.461,21.683,11.069,-3.218,21.598,11.025,-3.205,22081.0,204.0,204.0,204.0,0.0
0.083,5.184,-0.053,25.564,25.58,22.737,11.607,-1.36,22.751,11.614,-1.361,22081.0,204.0,204.0,204.0,0.0
0.083,5.184,-0.048,28.042,27.951,24.947,12.735,-1.355,24.866,12.693,-1.35,22081.0,204.0,204.0,204.0,0.0
0.083,5.184,-0.088,24.418,24.341,21.664,11.059,-2.151,21.595,11.024,-2.144,22081.0,204.0,204.0,204.0,0.0
0.083,5.184,-0.084,24.412,24.418,21.666,11.06,-2.042,21.672,11.063,-2.042,22081.0,204.0,1.0,0.0,0.0
0.083,5.184,-0.042,30.314,30.261,26.977,13.771,-1.26,26.929,13.747,-1.258,22081.0,204.0,204.0,204.0,0.0
0.083,5.184,-0.077,24.409,24.547,21.675,11.064,-1.888,21.797,11.127,-1.899,22081.0,6.0,6.0,6.0,0.0
0.083,5.184,-0.071,24.414,24.489,21.69,11.072,-1.735,21.756,11.106,-1.741,22081.0,6.0,6.0,6.0,0.0
0.083,5.184,-0.066,24.431,24.407,21.712,11.084,-1.612,21.691,11.073,-1.611,22081.0,6.0,6.0,6.0,0.0
0.083,5.184,-0.06,24.482,24.53,21.766,11.111,-1.462,21.809,11.133,-1.464,22081.0,6.0,6.0,6.0,0.0
0.083,5.184,-0.155,24.745,24.689,21.775,11.116,-3.824,21.725,11.09,-3.815,22081.0,204.0,204.0,204.0,0.0
0.083,5.187,-0.124,24.517,24.556,21.635,11.126,-3.036,21.669,11.144,-3.041,22081.0,204.0,204.0,204.0,0.0
0.083,5.187,-0.119,24.498,24.475,21.632,11.125,-2.912,21.611,11.114,-2.909,22081.0,204.0,204.0,204.0,0.0
0.083,5.187,-0.113,24.481,24.406,21.631,11.124,-2.767,21.565,11.091,-2.759,22081.0,204.0,204.0,204.0,0.0
0.083,5.187,-0.106,24.461,24.554,21.63,11.124,-2.598,21.712,11.166,-2.608,22081.0,204.0,204.0,204.0,0.0
0.083,5.187,-0.149,24.611,24.621,21.644,11.131,-3.65,21.653,11.136,-3.651,22081.0,204.0,204.0,204.0,0.0
0.083,5.187,-0.142,24.597,24.593,21.652,11.135,-3.492,21.649,11.134,-3.491,22081.0,204.0,204.0,204.0,0.0
0.083,5.187,-0.102,24.459,24.464,21.638,11.128,-2.49,21.643,11.13,-2.49,22081.0,204.0,204.0,204.0,0.0
0.083,5.187,-0.095,24.431,24.417,21.627,11.122,-2.329,21.614,11.116,-2.328,22081.0,204.0,204.0,204.0,0.0
0.083,5.187,-0.137,24.582,24.622,21.655,11.137,-3.358,21.691,11.155,-3.363,22081.0,204.0,204.0,204.0,0.0
0.083,5.187,-0.131,24.553,24.511,21.646,11.132,-3.217,21.609,11.113,-3.212,22081.0,204.0,204.0,204.0,0.0
0.083,5.187,-0.053,25.527,25.549,22.669,11.658,-1.358,22.688,11.668,-1.359,22081.0,204.0,204.0,204.0,0.0
0.083,5.187,-0.048,27.925,27.839,24.805,12.757,-1.349,24.728,12.717,-1.345,22081.0,204.0,204.0,204.0,0.0
0.083,5.187,-0.088,24.414,24.412,21.627,11.122,-2.15,21.625,11.121,-2.15,22081.0,204.0,204.0,204.0,0.0
0.083,5.187,-0.084,24.408,24.341,21.63,11.124,-2.041,21.57,11.093,-2.036,22081.0,204.0,1.0,0.0,0.0
0.083,5.187,-0.042,29.356,29.263,26.084,13.414,-1.221,26.0,13.372,-1.217,22081.0,204.0,204.0,204.0,0.0
0.083,5.187,-0.077,24.405,24.417,21.638,11.128,-1.888,21.649,11.133,-1.889,22081.0,6.0,6.0,6.0,0.0
0.083,5.187,-0.071,24.41,24.493,21.653,11.136,-1.735,21.727,11.174,-1.741,22081.0,6.0,6.0,6.0,0.0
0.083,5.187,-0.066,24.426,24.421,21.675,11.147,-1.612,21.67,11.144,-1.612,22081.0,6.0,6.0,6.0,0.0
0.083,5.187,-0.06,24.478,24.445,21.729,11.175,-1.461,21.7,11.16,-1.459,22081.0,6.0,6.0,6.0,0.0
0.083,5.187,-0.155,24.74,24.685,21.737,11.179,-3.823,21.689,11.154,-3.814,22081.0,204.0,204.0,204.0,0.0
0.083,5.19,-0.124,24.515,24.577,21.599,11.191,-3.036,21.654,11.219,-3.044,22081.0,204.0,204.0,204.0,0.0
0.083,5.19,-0.119,24.496,24.519,21.596,11.189,-2.911,21.617,11.2,-2.914,22081.0,204.0,204.0,204.0,0.0
0.083,5.19,-0.113,24.479,24.399,21.595,11.189,-2.767,21.525,11.152,-2.758,22081.0,204.0,204.0,204.0,0.0
0.083,5.19,-0.106,24.459,24.477,21.594,11.188,-2.598,21.61,11.196,-2.6,22081.0,204.0,204.0,204.0,0.0
0.083,5.19,-0.149,24.601,24.658,21.602,11.192,-3.648,21.652,11.218,-3.657,22081.0,204.0,204.0,204.0,0.0
0.083,5.19,-0.142,24.595,24.629,21.617,11.2,-3.492,21.647,11.215,-3.496,22081.0,204.0,204.0,204.0,0.0
0.083,5.19,-0.102,24.457,24.531,21.603,11.192,-2.49,21.668,11.226,-2.497,22081.0,204.0,204.0,204.0,0.0
0.083,5.19,-0.095,24.429,24.381,21.591,11.187,-2.329,21.549,11.165,-2.325,22081.0,204.0,204.0,204.0,0.0
0.083,5.19,-0.137,24.58,24.588,21.62,11.201,-3.358,21.627,11.205,-3.359,22081.0,204.0,204.0,204.0,0.0
0.083,5.19,-0.131,24.551,24.549,21.611,11.197,-3.217,21.609,11.196,-3.217,22081.0,204.0,204.0,204.0,0.0
0.083,5.19,-0.053,25.509,25.554,22.618,11.718,-1.357,22.657,11.739,-1.359,22081.0,204.0,204.0,204.0,0.0
0.083,5.19,-0.048,27.881,27.781,24.727,12.811,-1.347,24.639,12.765,-1.342,22081.0,204.0,204.0,204.0,0.0
0.083,5.19,-0.088,24.413,24.317,21.592,11.187,-2.15,21.507,11.143,-2.142,22081.0,204.0,204.0,204.0,0.0
0.083,5.19,-0.084,24.406,24.315,21.594,11.188,-2.041,21.514,11.146,-2.034,22081.0,204.0,1.0,0.0,0.0
0.083,5.19,-0.042,29.287,29.297,25.982,13.461,-1.218,25.99,13.466,-1.218,22081.0,204.0,204.0,204.0,0.0
0.083,5.19,-0.077,24.403,24.477,21.602,11.192,-1.888,21.668,11.226,-1.894,22081.0,6.0,6.0,6.0,0.0
0.083,5.19,-0.071,24.408,24.531,21.617,11.2,-1.735,21.726,11.256,-1.744,22081.0,6.0,6.0,6.0,0.0
0.083,5.19,-0.066,24.425,24.476,21.639,11.211,-1.612,21.685,11.235,-1.615,22081.0,6.0,6.0,6.0,0.0
0.083,5.19,-0.06,24.476,24.472,21.693,11.239,-1.461,21.69,11.238,-1.461,22081.0,6.0,6.0,6.0,0.0
0.083,5.19,-0.155,24.737,24.701,21.7,11.243,-3.822,21.669,11.227,-3.817,22081.0,204.0,204.0,204.0,0.0
0.083,5.193,-0.124,24.513,24.529,21.564,11.255,-3.036,21.577,11.262,-3.038,22081.0,204.0,204.0,204.0,0.0
0.083,5.193,-0.119,24.495,24.497,21.561,11.253,-2.911,21.563,11.255,-2.912,22081.0,204.0,204.0,204.0,0.0
0.083,5.193,-0.113,24.477,24.387,21.56,11.253,-2.767,21.481,11.212,-2.757,22081.0,204.0,204.0,204.0,0.0
0.083,5.193,-0.106,24.457,24.477,21.559,11.252,-2.598,21.577,11.262,-2.6,22081.0,204.0,204.0,204.0,0.0
0.083,5.193,-0.149,24.607,24.638,21.573,11.26,-3.649,21.6,11.274,-3.654,22081.0,204.0,204.0,204.0,0.0
0.083,5.193,-0.142,24.593,24.605,21.582,11.264,-3.491,21.592,11.27,-3.493,22081.0,204.0,204.0,204.0,0.0
0.083,5.193,-0.102,24.455,24.523,21.567,11.257,-2.489,21.627,11.288,-2.496,22081.0,204.0,204.0,204.0,0.0
0.083,5.193,-0.095,24.427,24.467,21.556,11.251,-2.329,21.592,11.269,-2.333,22081.0,204.0,204.0,204.0,0.0
0.083,5.193,-0.137,24.578,24.578,21.585,11.266,-3.357,21.585,11.266,-3.357,22081.0,204.0,204.0,204.0,0.0
0.083,5.193,-0.131,24.549,24.541,21.575,11.261,-3.217,21.569,11.257,-3.216,22081.0,204.0,204.0,204.0,0.0
0.083,5.193,-0.053,25.509,25.52,22.582,11.786,-1.357,22.592,11.792,-1.357,22081.0,204.0,204.0,204.0,0.0
0.083,5.193,-0.048,27.87,27.796,24.678,12.88,-1.346,24.613,12.846,-1.343,22081.0,204.0,204.0,204.0,0.0
0.083,5.193,-0.088,24.411,24.379,21.556,11.251,-2.15,21.528,11.236,-2.147,22081.0,204.0,204.0,204.0,0.0
0.083,5.193,-0.084,24.404,24.306,21.559,11.252,-2.041,21.472,11.207,-2.033,22081.0,204.0,1.0,0.0,0.0
0.083,5.193,-0.042,29.264,29.257,25.921,13.529,-1.217,25.914,13.525,-1.216,22081.0,204.0,204.0,204.0,0.0
0.083,5.193,-0.077,24.401,24.408,21.567,11.257,-1.888,21.573,11.26,-1.888,22081.0,6.0,6.0,6.0,0.0
0.083,5.193,-0.071,24.406,24.491,21.582,11.264,-1.735,21.657,11.303,-1.741,22081.0,6.0,6.0,6.0,0.0
0.083,5.193,-0.066,24.423,24.438,21.604,11.276,-1.612,21.617,11.283,-1.613,22081.0,6.0,6.0,6.0,0.0
0.083,5.193,-0.06,24.474,24.431,21.658,11.304,-1.461,21.62,11.284,-1.459,22081.0,6.0,6.0,6.0,0.0
0.083,5.193,-0.155,24.734,24.647,21.664,11.307,-3.822,21.587,11.267,-3.808,22081.0,204.0,204.0,204.0,0.0
0.083,5.196,-0.124,24.512,24.55,21.529,11.319,-3.036,21.562,11.337,-3.04,22081.0,204.0,204.0,204.0,0.0
0.083,5.196,-0.119,24.493,24.539,21.526,11.318,-2.911,21.566,11.339,-2.917,22081.0,204.0,204.0,204.0,0.0
0.083,5.196,-0.113,24.475,24.407,21.525,11.317,-2.767,21.464,11.285,-2.759,22081.0,204.0,204.0,204.0,0.0
0.083,5.196,-0.106,24.455,24.501,21.523,11.317,-2.598,21.564,11.338,-2.602,22081.0,204.0,204.0,204.0,0.0
0.083,5.196,-0.149,24.605,24.615,21.538,11.324,-3.649,21.546,11.329,-3.65,22081.0,204.0,204.0,204.0,0.0
0.083,5.196,-0.142,24.592,24.613,21.546,11.329,-3.491,21.565,11.338,-3.494,22081.0,204.0,204.0,204.0,0.0
0.083,5.196,-0.102,24.454,24.512,21.532,11.321,-2.489,21.583,11.348,-2.495,22081.0,204.0,204.0,204.0,0.0
0.083,5.196,-0.095,24.425,24.425,21.521,11.315,-2.329,21.52,11.315,-2.329,22081.0,204.0,204.0,204.0,0.0
0.083,5.196,-0.137,24.577,24.579,21.549,11.33,-3.357,21.551,11.331,-3.358,22081.0,204.0,204.0,204.0,0.0
0.083,5.196,-0.131,24.547,24.476,21.54,11.325,-3.216,21.477,11.292,-3.207,22081.0,204.0,204.0,204.0,0.0
0.083,5.196,-0.053,25.509,25.511,22.547,11.854,-1.357,22.548,11.855,-1.357,22081.0,204.0,204.0,204.0,0.0
0.083,5.196,-0.048,27.87,27.753,24.639,12.955,-1.346,24.536,12.901,-1.341,22081.0,204.0,204.0,204.0,0.0
0.083,5.196,-0.088,24.409,24.393,21.521,11.315,-2.15,21.507,11.308,-2.149,22081.0,204.0,204.0,204.0,0.0
0.083,5.196,-0.084,24.403,24.345,21.524,11.317,-2.041,21.473,11.29,-2.036,22081.0,204.0,1.0,0.0,0.0
0.083,5.196,-0.042,29.258,29.178,25.875,13.604,-1.217,25.804,13.567,-1.213,22081.0,204.0,204.0,204.0,0.0
0.083,5.196,-0.077,24.399,24.433,21.532,11.321,-1.888,21.561,11.337,-1.89,22081.0,6.0,6.0,6.0,0.0
0.083,5.196,-0.071,24.405,24.455,21.546,11.329,-1.735,21.591,11.352,-1.738,22081.0,6.0,6.0,6.0,0.0
0.083,5.196,-0.066,24.421,24.49,21.569,11.34,-1.612,21.629,11.372,-1.616,22081.0,6.0,6.0,6.0,0.0
0.083,5.196,-0.06,24.473,24.458,21.622,11.369,-1.461,21.61,11.362,-1.46,22081.0,6.0,6.0,6.0,0.0
0.083,5.196,-0.155,24.733,24.666,21.628,11.372,-3.822,21.57,11.341,-3.811,22081.0,204.0,204.0,204.0,0.0
0.083,5.199,-0.124,24.51,24.556,21.493,11.384,-3.036,21.533,11.405,-3.041,22081.0,204.0,204.0,204.0,0.0
0.083,5.199,-0.119,24.492,24.494,21.49,11.382,-2.911,21.492,11.383,-2.911,22081.0,204.0,204.0,204.0,0.0
0.083,5.199,-0.113,24.474,24.324,21.489,11.381,-2.767,21.357,11.312,-2.75,22081.0,204.0,204.0,204.0,0.0
0.083,5.199,-0.106,24.454,24.509,21.488,11.381,-2.597,21.537,11.406,-2.603,22081.0,204.0,204.0,204.0,0.0
0.083,5.199,-0.149,24.604,24.627,21.502,11.388,-3.649,21.523,11.399,-3.652,22081.0,204.0,204.0,204.0,0.0
0.083,5.199,-0.142,24.591,24.613,21.511,11.393,-3.491,21.53,11.403,-3.494,22081.0,204.0,204.0,204.0,0.0
0.083,5.199,-0.102,24.452,24.478,21.497,11.385,-2.489,21.519,11.397,-2.492,22081.0,204.0,204.0,204.0,0.0
0.083,5.199,-0.095,24.424,24.382,21.485,11.379,-2.329,21.448,11.36,-2.325,22081.0,204.0,204.0,204.0,0.0
0.083,5.199,-0.137,24.575,24.611,21.514,11.394,-3.357,21.545,11.411,-3.362,22081.0,204.0,204.0,204.0,0.0
0.083,5.199,-0.131,24.546,24.477,21.504,11.389,-3.216,21.444,11.357,-3.207,22081.0,204.0,204.0,204.0,0.0
0.083,5.199,-0.053,25.509,25.486,22.511,11.922,-1.357,22.49,11.912,-1.356,22081.0,204.0,204.0,204.0,0.0
0.083,5.199,-0.048,27.87,27.808,24.6,13.029,-1.346,24.545,13.0,-1.343,22081.0,204.0,204.0,204.0,0.0
0.083,5.199,-0.088,24.408,24.319,21.486,11.38,-2.15,21.408,11.338,-2.142,22081.0,204.0,204.0,204.0,0.0
0.083,5.199,-0.084,24.402,24.366,21.488,11.381,-2.041,21.457,11.364,-2.038,22081.0,204.0,1.0,0.0,0.0
0.083,5.199,-0.042,29.257,29.221,25.833,13.682,-1.216,25.801,13.665,-1.215,22081.0,204.0,204.0,204.0,0.0
0.083,5.199,-0.077,24.398,24.462,21.496,11.385,-1.887,21.552,11.415,-1.892,22081.0,6.0,6.0,6.0,0.0
0.083,5.199,-0.071,24.404,24.458,21.511,11.393,-1.734,21.559,11.419,-1.738,22081.0,6.0,6.0,6.0,0.0
0.083,5.199,-0.066,24.42,24.395,21.533,11.405,-1.612,21.511,11.393,-1.61,22081.0,6.0,6.0,6.0,0.0
0.083,5.199,-0.06,24.471,24.509,21.587,11.433,-1.461,21.62,11.451,-1.463,22081.0,6.0,6.0,6.0,0.0
0.083,5.199,-0.155,24.731,24.632,21.592,11.436,-3.821,21.506,11.39,-3.806,22081.0,204.0,204.0,204.0,0.0
0.083,5.202,-0.124,24.509,24.522,21.458,11.448,-3.036,21.469,11.454,-3.037,22081.0,204.0,204.0,204.0,0.0
0.083,5.202,-0.119,24.491,24.534,21.455,11.446,-2.911,21.492,11.466,-2.916,22081.0,204.0,204.0,204.0,0.0
0.083,5.202,-0.113,24.473,24.4,21.454,11.446,-2.767,21.39,11.412,-2.758,22081.0,204.0,204.0,204.0,0.0
0.083,5.202,-0.106,24.453,24.411,21.453,11.445,-2.597,21.416,11.425,-2.593,22081.0,204.0,204.0,204.0,0.0
0.083,5.202,-0.149,24.612,24.598,21.475,11.457,-3.65,21.463,11.45,-3.648,22081.0,204.0,204.0,204.0,0.0
0.083,5.202,-0.142,24.59,24.625,21.476,11.457,-3.491,21.506,11.474,-3.496,22081.0,204.0,204.0,204.0,0.0
0.083,5.202,-0.102,24.451,24.461,21.461,11.45,-2.489,21.47,11.454,-2.49,22081.0,204.0,204.0,204.0,0.0
0.083,5.202,-0.095,24.423,24.437,21.45,11.444,-2.329,21.462,11.45,-2.33,22081.0,204.0,204.0,204.0,0.0
0.083,5.202,-0.137,24.574,24.571,21.478,11.459,-3.357,21.476,11.457,-3.356,22081.0,204.0,204.0,204.0,0.0
0.083,5.202,-0.131,24.545,24.543,21.469,11.454,-3.216,21.468,11.453,-3.216,22081.0,204.0,204.0,204.0,0.0
0.083,5.202,-0.053,25.509,25.522,22.474,11.99,-1.357,22.486,11.996,-1.358,22081.0,204.0,204.0,204.0,0.0
0.083,5.202,-0.048,27.87,27.798,24.56,13.103,-1.346,24.498,13.069,-1.343,22081.0,204.0,204.0,204.0,0.0
0.083,5.202,-0.088,24.407,24.372,21.45,11.444,-2.15,21.419,11.427,-2.147,22081.0,204.0,204.0,204.0,0.0
0.083,5.202,-0.084,24.401,24.334,21.453,11.445,-2.041,21.394,11.414,-2.035,22081.0,204.0,1.0,0.0,0.0
0.083,5.202,-0.042,29.257,29.221,25.791,13.759,-1.216,25.759,13.742,-1.215,22081.0,204.0,204.0,204.0,0.0
0.083,5.202,-0.077,24.397,24.47,21.461,11.449,-1.887,21.525,11.484,-1.893,22081.0,6.0,6.0,6.0,0.0
0.083,5.202,-0.071,24.403,24.502,21.476,11.457,-1.734,21.563,11.504,-1.741,22081.0,6.0,6.0,6.0,0.0
0.083,5.202,-0.066,24.419,24.401,21.498,11.469,-1.612,21.482,11.461,-1.61,22081.0,6.0,6.0,6.0,0.0
0.083,5.202,-0.06,24.47,24.533,21.551,11.498,-1.461,21.606,11.527,-1.465,22081.0,6.0,6.0,6.0,0.0
0.083,5.202,-0.155,24.73,24.675,21.557,11.501,-3.821,21.509,11.475,-3.813,22081.0,204.0,204.0,204.0,0.0
0.083,5.205,-0.124,24.509,24.52,21.423,11.512,-3.035,21.432,11.517,-3.037,22081.0,204.0,204.0,204.0,0.0
0.083,5.205,-0.119,24.49,24.493,21.419,11.51,-2.911,21.422,11.512,-2.911,22081.0,204.0,204.0,204.0,0.0
0.083,5.205,-0.113,24.472,24.395,21.418,11.51,-2.766,21.351,11.474,-2.758,22081.0,204.0,204.0,204.0,0.0
0.083,5.205,-0.106,24.452,24.498,21.417,11.509,-2.597,21.458,11.531,-2.602,22081.0,204.0,204.0,204.0,0.0
0.083,5.205,-0.149,24.611,24.666,21.439,11.521,-3.65,21.487,11.547,-3.658,22081.0,204.0,204.0,204.0,0.0
0.083,5.205,-0.142,24.589,24.558,21.44,11.522,-3.491,21.413,11.507,-3.486,22081.0,204.0,204.0,204.0,0.0
0.083,5.205,-0.102,24.451,24.505,21.426,11.514,-2.489,21.474,11.54,-2.494,22081.0,204.0,204.0,204.0,0.0
0.083,5.205,-0.095,24.422,24.465,21.415,11.508,-2.329,21.452,11.528,-2.333,22081.0,204.0,204.0,204.0,0.0
0.083,5.205,-0.137,24.573,24.582,21.443,11.523,-3.357,21.451,11.527,-3.358,22081.0,204.0,204.0,204.0,0.0
0.083,5.205,-0.131,24.544,24.516,21.434,11.518,-3.216,21.41,11.505,-3.212,22081.0,204.0,204.0,204.0,0.0
0.083,5.205,-0.053,25.509,25.495,22.438,12.058,-1.357,22.426,12.051,-1.356,22081.0,204.0,204.0,204.0,0.0
0.083,5.205,-0.048,27.869,27.869,24.521,13.177,-1.346,24.52,13.177,-1.346,22081.0,204.0,204.0,204.0,0.0
0.083,5.205,-0.088,24.406,24.335,21.415,11.508,-2.15,21.352,11.474,-2.143,22081.0,204.0,204.0,204.0,0.0
0.083,5.205,-0.084,24.4,24.341,21.418,11.509,-2.041,21.366,11.482,-2.036,22081.0,204.0,1.0,0.0,0.0
0.083,5.205,-0.042,29.256,29.234,25.748,13.837,-1.216,25.729,13.826,-1.216,22081.0,204.0,204.0,204.0,0.0
0.083,5.205,-0.077,24.396,24.443,21.425,11.514,-1.887,21.467,11.536,-1.891,22081.0,6.0,6.0,6.0,0.0
0.083,5.205,-0.071,24.402,24.449,21.44,11.522,-1.734,21.481,11.544,-1.738,22081.0,6.0,6.0,6.0,0.0
0.083,5.205,-0.066,24.418,24.422,21.462,11.533,-1.612,21.466,11.535,-1.612,22081.0,6.0,6.0,6.0,0.0
0.083,5.205,-0.06,24.469,24.47,21.516,11.562,-1.461,21.517,11.563,-1.461,22081.0,6.0,6.0,6.0,0.0
0.083,5.205,-0.155,24.729,24.63,21.521,11.565,-3.821,21.435,11.519,-3.806,22081.0,204.0,204.0,204.0,0.0
0.083,5.209,-0.124,24.508,24.493,21.387,11.576,-3.035,21.375,11.57,-3.034,22081.0,204.0,204.0,204.0,0.0
0.083,5.209,-0.119,24.489,24.59,21.384,11.575,-2.911,21.472,11.622,-2.923,22081.0,204.0,204.0,204.0,0.0
0.083,5.209,-0.113,24.471,24.338,21.383,11.574,-2.766,21.267,11.511,-2.751,22081.0,204.0,204.0,204.0,0.0
0.083,5.209,-0.106,24.452,24.485,21.382,11.574,-2.597,21.411,11.589,-2.601,22081.0,204.0,204.0,204.0,0.0
0.083,5.209,-0.149,24.61,24.605,21.404,11.585,-3.65,21.399,11.583,-3.649,22081.0,204.0,204.0,204.0,0.0
0.083,5.209,-0.142,24.588,24.573,21.405,11.586,-3.491,21.392,11.579,-3.488,22081.0,204.0,204.0,204.0,0.0
0.083,5.209,-0.102,24.45,24.545,21.39,11.578,-2.489,21.473,11.623,-2.499,22081.0,204.0,204.0,204.0,0.0
0.083,5.209,-0.095,24.422,24.422,21.379,11.572,-2.329,21.379,11.572,-2.329,22081.0,204.0,204.0,204.0,0.0
0.083,5.209,-0.137,24.573,24.637,21.408,11.587,-3.357,21.463,11.617,-3.365,22081.0,204.0,204.0,204.0,0.0
0.083,5.209,-0.131,24.543,24.568,21.398,11.582,-3.216,21.42,11.594,-3.219,22081.0,204.0,204.0,204.0,0.0
0.083,5.209,-0.053,25.509,25.558,22.402,12.125,-1.357,22.445,12.149,-1.359,22081.0,204.0,204.0,204.0,0.0
0.083,5.209,-0.048,27.869,27.792,24.481,13.251,-1.346,24.413,13.214,-1.342,22081.0,204.0,204.0,204.0,0.0
0.083,5.209,-0.088,24.405,24.35,21.38,11.572,-2.15,21.331,11.546,-2.145,22081.0,204.0,204.0,204.0,0.0
0.083,5.209,-0.084,24.399,24.255,21.382,11.574,-2.041,21.256,11.505,-2.029,22081.0,204.0,1.0,0.0,0.0
0.083,5.209,-0.042,29.255,29.223,25.706,13.914,-1.216,25.677,13.899,-1.215,22081.0,204.0,204.0,204.0,0.0
0.083,5.209,-0.077,24.396,24.455,21.39,11.578,-1.887,21.442,11.606,-1.892,22081.0,6.0,6.0,6.0,0.0
0.083,5.209,-0.071,24.401,24.479,21.405,11.586,-1.734,21.473,11.623,-1.74,22081.0,6.0,6.0,6.0,0.0
0.083,5.209,-0.066,24.418,24.411,21.427,11.598,-1.612,21.421,11.595,-1.611,22081.0,6.0,6.0,6.0,0.0
0.083,5.209,-0.06,24.469,24.484,21.48,11.627,-1.461,21.493,11.634,-1.462,22081.0,6.0,6.0,6.0,0.0
0.083,5.209,-0.155,24.728,24.692,21.485,11.629,-3.821,21.454,11.612,-3.815,22081.0,204.0,204.0,204.0,0.0
0.083,5.212,-0.124,24.507,24.557,21.352,11.641,-3.035,21.395,11.664,-3.041,22081.0,204.0,204.0,204.0,0.0
0.083,5.212,-0.119,24.489,24.575,21.349,11.639,-2.911,21.424,11.68,-2.921,22081.0,204.0,204.0,204.0,0.0
0.083,5.212,-0.113,24.471,24.359,21.348,11.638,-2.766,21.25,11.585,-2.754,22081.0,204.0,204.0,204.0,0.0
0.083,5.212,-0.106,24.451,24.515,21.347,11.638,-2.597,21.402,11.668,-2.604,22081.0,204.0,204.0,204.0,0.0
0.083,5.212,-0.149,24.61,24.613,21.369,11.65,-3.65,21.371,11.651,-3.65,22081.0,204.0,204.0,204.0,0.0
0.083,5.212,-0.142,24.588,24.592,21.37,11.65,-3.491,21.373,11.652,-3.491,22081.0,204.0,204.0,204.0,0.0
0.083,5.212,-0.102,24.449,24.495,21.355,11.642,-2.489,21.395,11.664,-2.493,22081.0,204.0,204.0,204.0,0.0
0.083,5.212,-0.095,24.421,24.446,21.344,11.636,-2.329,21.365,11.648,-2.331,22081.0,204.0,204.0,204.0,0.0
0.083,5.212,-0.137,24.572,24.564,21.372,11.652,-3.357,21.365,11.648,-3.355,22081.0,204.0,204.0,204.0,0.0
0.083,5.212,-0.131,24.543,24.54,21.363,11.647,-3.216,21.36,11.645,-3.216,22081.0,204.0,204.0,204.0,0.0
0.083,5.212,-0.053,25.509,25.557,22.365,12.193,-1.357,22.407,12.216,-1.359,22081.0,204.0,204.0,204.0,0.0
0.083,5.212,-0.048,27.869,27.808,24.441,13.325,-1.346,24.387,13.295,-1.343,22081.0,204.0,204.0,204.0,0.0
0.083,5.212,-0.088,24.405,24.35,21.344,11.636,-2.15,21.296,11.61,-2.145,22081.0,204.0,204.0,204.0,0.0
0.083,5.212,-0.084,24.399,24.338,21.347,11.638,-2.041,21.294,11.609,-2.035,22081.0,204.0,1.0,0.0,0.0
0.083,5.212,-0.042,29.255,29.223,25.664,13.991,-1.216,25.635,13.976,-1.215,22081.0,204.0,204.0,204.0,0.0
0.083,5.212,-0.077,24.395,24.433,21.355,11.642,-1.887,21.388,11.66,-1.89,22081.0,6.0,6.0,6.0,0.0
0.083,5.212,-0.071,24.401,24.498,21.369,11.65,-1.734,21.455,11.697,-1.741,22081.0,6.0,6.0,6.0,0.0
0.083,5.212,-0.066,24.417,24.414,21.391,11.662,-1.612,21.389,11.661,-1.611,22081.0,6.0,6.0,6.0,0.0
0.083,5.212,-0.06,24.468,24.475,21.445,11.691,-1.461,21.451,11.694,-1.461,22081.0,6.0,6.0,6.0,0.0
0.083,5.212,-0.155,24.727,24.669,21.45,11.694,-3.821,21.4,11.667,-3.812,22081.0,204.0,204.0,204.0,0.0
0.083,5.215,-0.124,24.507,24.547,21.316,11.705,-3.035,21.351,11.724,-3.04,22081.0,204.0,204.0,204.0,0.0
0.083,5.215,-0.119,24.489,24.536,21.313,11.703,-2.911,21.355,11.726,-2.916,22081.0,204.0,204.0,204.0,0.0
0.083,5.215,-0.113,24.471,24.334,21.312,11.703,-2.766,21.193,11.637,-2.751,22081.0,204.0,204.0,204.0,0.0
0.083,5.215,-0.106,24.451,24.51,21.311,11.702,-2.597,21.363,11.73,-2.603,22081.0,204.0,204.0,204.0,0.0
0.083,5.215,-0.149,24.61,24.695,21.333,11.714,-3.65,21.407,11.755,-3.662,22081.0,204.0,204.0,204.0,0.0
0.083,5.215,-0.142,24.588,24.643,21.334,11.715,-3.491,21.382,11.741,-3.498,22081.0,204.0,204.0,204.0,0.0
0.083,5.215,-0.102,24.449,24.436,21.32,11.707,-2.489,21.308,11.7,-2.487,22081.0,204.0,204.0,204.0,0.0
0.083,5.215,-0.095,24.421,24.465,21.309,11.701,-2.328,21.347,11.722,-2.333,22081.0,204.0,204.0,204.0,0.0
0.083,5.215,-0.137,24.572,24.609,21.337,11.716,-3.357,21.369,11.734,-3.362,22081.0,204.0,204.0,204.0,0.0
0.083,5.215,-0.131,24.543,24.473,21.327,11.711,-3.216,21.267,11.678,-3.207,22081.0,204.0,204.0,204.0,0.0
0.083,5.215,-0.053,25.509,25.586,22.328,12.26,-1.357,22.395,12.297,-1.361,22081.0,204.0,204.0,204.0,0.0
0.083,5.215,-0.048,27.869,27.733,24.4,13.398,-1.346,24.281,13.333,-1.34,22081.0,204.0,204.0,204.0,0.0
0.083,5.215,-0.088,24.405,24.35,21.309,11.701,-2.15,21.261,11.674,-2.145,22081.0,204.0,204.0,204.0,0.0
0.083,5.215,-0.084,24.398,24.322,21.312,11.702,-2.041,21.244,11.665,-2.034,22081.0,204.0,1.0,0.0,0.0
0.083,5.215,-0.042,29.255,29.233,25.622,14.069,-1.216,25.602,14.058,-1.215,22081.0,204.0,204.0,204.0,0.0
0.083,5.215,-0.077,24.395,24.469,21.319,11.706,-1.887,21.384,11.742,-1.893,22081.0,6.0,6.0,6.0,0.0
0.083,5.215,-0.071,24.4,24.492,21.334,11.715,-1.734,21.414,11.758,-1.741,22081.0,6.0,6.0,6.0,0.0
0.083,5.215,-0.066,24.417,24.359,21.356,11.727,-1.612,21.306,11.699,-1.608,22081.0,6.0,6.0,6.0,0.0
0.083,5.215,-0.06,24.468,24.448,21.409,11.756,-1.461,21.392,11.746,-1.46,22081.0,6.0,6.0,6.0,0.0
0.083,5.215,-0.155,24.727,24.648,21.414,11.758,-3.821,21.346,11.721,-3.809,22081.0,204.0,204.0,204.0,0.0
0.083,5.218,-0.124,24.507,24.54,21.281,11.769,-3.035,21.309,11.785,-3.039,22081.0,204.0,204.0,204.0,0.0
0.083,5.218,-0.119,24.489,24.501,21.278,11.767,-2.911,21.289,11.773,-2.912,22081.0,204.0,204.0,204.0,0.0
0.083,5.218,-0.113,24.471,24.353,21.277,11.767,-2.766,21.174,11.71,-2.753,22081.0,204.0,204.0,204.0,0.0
0.083,5.218,-0.106,24.451,24.474,21.276,11.766,-2.597,21.296,11.777,-2.6,22081.0,204.0,204.0,204.0,0.0
0.083,5.218,-0.149,24.601,24.668,21.29,11.774,-3.648,21.348,11.806,-3.658,22081.0,204.0,204.0,204.0,0.0
0.083,5.218,-0.142,24.588,24.613,21.299,11.779,-3.491,21.321,11.791,-3.494,22081.0,204.0,204.0,204.0,0.0
0.083,5.218,-0.102,24.449,24.486,21.284,11.771,-2.489,21.316,11.788,-2.493,22081.0,204.0,204.0,204.0,0.0
0.083,5.218,-0.095,24.421,24.421,21.273,11.765,-2.328,21.274,11.765,-2.329,22081.0,204.0,204.0,204.0,0.0
0.083,5.218,-0.137,24.572,24.584,21.301,11.78,-3.357,21.311,11.786,-3.358,22081.0,204.0,204.0,204.0,0.0
0.083,5.218,-0.131,24.543,24.503,21.292,11.775,-3.216,21.258,11.756,-3.211,22081.0,204.0,204.0,204.0,0.0
0.083,5.218,-0.053,25.509,25.538,22.291,12.328,-1.357,22.316,12.342,-1.358,22081.0,204.0,204.0,204.0,0.0
0.083,5.218,-0.048,27.869,27.842,24.36,13.472,-1.346,24.336,13.458,-1.345,22081.0,204.0,204.0,204.0,0.0
0.083,5.218,-0.088,24.405,24.375,21.274,11.765,-2.15,21.248,11.751,-2.147,22081.0,204.0,204.0,204.0,0.0
0.083,5.218,-0.084,24.399,24.326,21.276,11.766,-2.041,21.213,11.731,-2.034,22081.0,204.0,1.0,0.0,0.0
0.083,5.218,-0.042,29.256,29.17,25.579,14.146,-1.216,25.504,14.105,-1.213,22081.0,204.0,204.0,204.0,0.0
0.083,5.218,-0.077,24.395,24.412,21.284,11.771,-1.887,21.299,11.779,-1.889,22081.0,6.0,6.0,6.0,0.0
0.083,5.218,-0.071,24.4,24.496,21.299,11.779,-1.734,21.382,11.825,-1.741,22081.0,6.0,6.0,6.0,0.0
0.083,5.218,-0.066,24.417,24.426,21.321,11.791,-1.612,21.328,11.795,-1.612,22081.0,6.0,6.0,6.0,0.0
0.083,5.218,-0.06,24.468,24.451,21.374,11.82,-1.461,21.359,11.812,-1.46,22081.0,6.0,6.0,6.0,0.0
0.083,5.218,-0.155,24.727,24.734,21.379,11.823,-3.821,21.384,11.826,-3.822,22081.0,204.0,204.0,204.0,0.0
0.083,5.221,-0.124,24.508,24.466,21.246,11.833,-3.035,21.21,11.813,-3.03,22081.0,204.0,204.0,204.0,0.0
0.083,5.221,-0.119,24.489,24.517,21.243,11.832,-2.911,21.267,11.845,-2.914,22081.0,204.0,204.0,204.0,0.0
0.083,5.221,-0.113,24.471,24.417,21.242,11.831,-2.766,21.195,11.805,-2.76,22081.0,204.0,204.0,204.0,0.0
0.083,5.221,-0.106,24.451,24.47,21.241,11.83,-2.597,21.257,11.84,-2.599,22081.0,204.0,204.0,204.0,0.0
0.083,5.221,-0.149,24.601,24.623,21.254,11.838,-3.648,21.274,11.849,-3.652,22081.0,204.0,204.0,204.0,0.0
0.083,5.221,-0.142,24.588,24.643,21.263,11.843,-3.491,21.31,11.869,-3.498,22081.0,204.0,204.0,204.0,0.0
0.083,5.221,-0.102,24.45,24.492,21.249,11.835,-2.489,21.286,11.856,-2.493,22081.0,204.0,204.0,204.0,0.0
0.083,5.221,-0.095,24.421,24.474,21.238,11.829,-2.329,21.284,11.855,-2.334,22081.0,204.0,204.0,204.0,0.0
0.083,5.221,-0.137,24.572,24.584,21.266,11.845,-3.357,21.276,11.85,-3.358,22081.0,204.0,204.0,204.0,0.0
0.083,5.221,-0.131,24.543,24.543,21.257,11.839,-3.216,21.257,11.839,-3.216,22081.0,204.0,204.0,204.0,0.0
0.083,5.221,-0.053,25.509,25.499,22.254,12.395,-1.357,22.245,12.39,-1.356,22081.0,204.0,204.0,204.0,0.0
0.083,5.221,-0.048,27.869,27.756,24.319,13.545,-1.346,24.22,13.49,-1.341,22081.0,204.0,204.0,204.0,0.0
0.083,5.221,-0.088,24.405,24.372,21.238,11.829,-2.15,21.21,11.813,-2.147,22081.0,204.0,204.0,204.0,0.0
0.083,5.221,-0.084,24.399,24.299,21.241,11.831,-2.041,21.154,11.782,-2.032,22081.0,204.0,1.0,0.0,0.0
0.083,5.221,-0.042,29.256,29.195,25.537,14.224,-1.216,25.484,14.194,-1.214,22081.0,204.0,204.0,204.0,0.0
0.083,5.221,-0.077,24.395,24.508,21.249,11.835,-1.887,21.347,11.89,-1.896,22081.0,6.0,6.0,6.0,0.0
0.083,5.221,-0.071,24.401,24.481,21.263,11.843,-1.734,21.333,11.882,-1.74,22081.0,6.0,6.0,6.0,0.0
0.083,5.221,-0.066,24.417,24.417,21.285,11.855,-1.612,21.285,11.855,-1.612,22081.0,6.0,6.0,6.0,0.0
0.083,5.221,-0.06,24.469,24.503,21.338,11.885,-1.461,21.368,11.902,-1.463,22081.0,6.0,6.0,6.0,0.0
0.083,5.221,-0.155,24.727,24.709,21.343,11.888,-3.821,21.327,11.879,-3.818,22081.0,204.0,204.0,204.0,0.0
0.083,5.224,-0.124,24.508,24.544,21.21,11.898,-3.035,21.242,11.915,-3.04,22081.0,204.0,204.0,204.0,0.0
0.083,5.224,-0.119,24.489,24.496,21.207,11.896,-2.911,21.213,11.899,-2.911,22081.0,204.0,204.0,204.0,0.0
0.083,5.224,-0.113,24.472,24.399,21.206,11.895,-2.766,21.143,11.86,-2.758,22081.0,204.0,204.0,204.0,0.0
0.083,5.224,-0.106,24.452,24.508,21.205,11.895,-2.597,21.254,11.922,-2.603,22081.0,204.0,204.0,204.0,0.0
0.083,5.224,-0.149,24.601,24.634,21.219,11.902,-3.648,21.248,11.918,-3.653,22081.0,204.0,204.0,204.0,0.0
0.083,5.224,-0.142,24.589,24.622,21.228,11.908,-3.491,21.257,11.924,-3.495,22081.0,204.0,204.0,204.0,0.0
0.083,5.224,-0.102,24.45,24.466,21.214,11.899,-2.489,21.227,11.907,-2.491,22081.0,204.0,204.0,204.0,0.0
0.083,5.224,-0.095,24.422,24.41,21.203,11.893,-2.329,21.192,11.887,-2.327,22081.0,204.0,204.0,204.0,0.0
0.083,5.224,-0.137,24.573,24.565,21.231,11.909,-3.357,21.224,11.905,-3.356,22081.0,204.0,204.0,204.0,0.0
0.083,5.224,-0.131,24.544,24.516,21.221,11.904,-3.216,21.197,11.89,-3.212,22081.0,204.0,204.0,204.0,0.0
0.083,5.224,-0.053,25.509,25.532,22.216,12.462,-1.357,22.236,12.473,-1.358,22081.0,204.0,204.0,204.0,0.0
0.083,5.224,-0.048,27.869,27.783,24.278,13.618,-1.346,24.203,13.576,-1.342,22081.0,204.0,204.0,204.0,0.0
0.083,5.224,-0.088,24.406,24.378,21.203,11.893,-2.15,21.178,11.88,-2.147,22081.0,204.0,204.0,204.0,0.0
0.083,5.224,-0.084,24.399,24.277,21.205,11.895,-2.041,21.099,11.835,-2.03,22081.0,204.0,1.0,0.0,0.0
0.083,5.224,-0.042,29.257,29.246,25.495,14.301,-1.216,25.485,14.295,-1.216,22081.0,204.0,204.0,204.0,0.0
0.083,5.224,-0.077,24.396,24.493,21.213,11.899,-1.887,21.298,11.947,-1.895,22081.0,6.0,6.0,6.0,0.0
0.083,5.224,-0.071,24.401,24.445,21.228,11.907,-1.734,21.266,11.929,-1.737,22081.0,6.0,6.0,6.0,0.0
0.083,5.224,-0.066,24.418,24.377,21.25,11.92,-1.612,21.215,11.9,-1.609,22081.0,6.0,6.0,6.0,0.0
0.083,5.224,-0.06,24.469,24.535,21.303,11.949,-1.461,21.36,11.982,-1.465,22081.0,6.0,6.0,6.0,0.0
0.083,5.224,-0.155,24.728,24.614,21.308,11.952,-3.821,21.209,11.897,-3.803,22081.0,204.0,204.0,204.0,0.0
0.083,5.227,-0.124,24.509,24.532,21.175,11.962,-3.035,21.195,11.973,-3.038,22081.0,204.0,204.0,204.0,0.0
0.083,5.227,-0.119,24.49,24.52,21.172,11.96,-2.911,21.198,11.975,-2.914,22081.0,204.0,204.0,204.0,0.0
0.083,5.227,-0.113,24.472,24.386,21.171,11.96,-2.766,21.096,11.917,-2.757,22081.0,204.0,204.0,204.0,0.0
0.083,5.227,-0.106,24.452,24.521,21.17,11.959,-2.597,21.229,11.992,-2.605,22081.0,204.0,204.0,204.0,0.0
0.083,5.227,-0.149,24.602,24.645,21.184,11.967,-3.648,21.221,11.988,-3.655,22081.0,204.0,204.0,204.0,0.0
0.083,5.227,-0.142,24.589,24.624,21.193,11.972,-3.491,21.223,11.989,-3.496,22081.0,204.0,204.0,204.0,0.0
0.083,5.227,-0.102,24.451,24.502,21.178,11.964,-2.489,21.222,11.989,-2.494,22081.0,204.0,204.0,204.0,0.0
0.083,5.227,-0.095,24.422,24.469,21.167,11.957,-2.329,21.208,11.981,-2.333,22081.0,204.0,204.0,204.0,0.0
0.083,5.227,-0.137,24.574,24.6,21.195,11.973,-3.357,21.218,11.986,-3.36,22081.0,204.0,204.0,204.0,0.0
0.083,5.227,-0.131,24.544,24.563,21.186,11.968,-3.216,21.202,11.977,-3.219,22081.0,204.0,204.0,204.0,0.0
0.083,5.227,-0.053,25.509,25.531,22.179,12.529,-1.357,22.198,12.54,-1.358,22081.0,204.0,204.0,204.0,0.0
0.083,5.227,-0.048,27.869,27.745,24.237,13.692,-1.346,24.129,13.631,-1.34,22081.0,204.0,204.0,204.0,0.0
0.083,5.227,-0.088,24.406,24.394,21.167,11.958,-2.15,21.157,11.952,-2.149,22081.0,204.0,204.0,204.0,0.0
0.083,5.227,-0.084,24.4,24.347,21.17,11.959,-2.041,21.124,11.933,-2.036,22081.0,204.0,1.0,0.0,0.0
0.083,5.227,-0.042,29.26,29.191,25.454,14.379,-1.217,25.394,14.345,-1.214,22081.0,204.0,204.0,204.0,0.0
0.083,5.227,-0.077,24.397,24.458,21.178,11.964,-1.887,21.231,11.993,-1.892,22081.0,6.0,6.0,6.0,0.0
0.083,5.227,-0.071,24.402,24.442,21.193,11.972,-1.734,21.227,11.991,-1.737,22081.0,6.0,6.0,6.0,0.0
0.083,5.227,-0.066,24.418,24.469,21.214,11.984,-1.612,21.258,12.009,-1.615,22081.0,6.0,6.0,6.0,0.0
0.083,5.227,-0.06,24.47,24.511,21.267,12.014,-1.461,21.303,12.034,-1.463,22081.0,6.0,6.0,6.0,0.0
0.083,5.227,-0.155,24.729,24.694,21.272,12.017,-3.821,21.243,12.0,-3.816,22081.0,204.0,204.0,204.0,0.0
0.083,5.23,-0.124,24.51,24.511,21.14,12.026,-3.036,21.141,12.027,-3.036,22081.0,204.0,204.0,204.0,0.0
0.083,5.23,-0.119,24.491,24.555,21.137,12.024,-2.911,21.192,12.056,-2.918,22081.0,204.0,204.0,204.0,0.0
0.083,5.23,-0.113,24.473,24.383,21.136,12.024,-2.767,21.058,11.98,-2.756,22081.0,204.0,204.0,204.0,0.0
0.083,5.23,-0.106,24.453,24.512,21.134,12.023,-2.597,21.185,12.052,-2.604,22081.0,204.0,204.0,204.0,0.0
0.083,5.23,-0.149,24.603,24.665,21.148,12.031,-3.649,21.201,12.061,-3.658,22081.0,204.0,204.0,204.0,0.0
0.083,5.23,-0.142,24.59,24.607,21.157,12.036,-3.491,21.172,12.044,-3.493,22081.0,204.0,204.0,204.0,0.0
0.083,5.23,-0.102,24.452,24.538,21.143,12.028,-2.489,21.218,12.071,-2.498,22081.0,204.0,204.0,204.0,0.0
0.083,5.23,-0.095,24.423,24.456,21.132,12.022,-2.329,21.16,12.038,-2.332,22081.0,204.0,204.0,204.0,0.0
0.083,5.23,-0.137,24.575,24.523,21.16,12.038,-3.357,21.115,12.012,-3.35,22081.0,204.0,204.0,204.0,0.0
0.083,5.23,-0.131,24.545,24.52,21.151,12.032,-3.216,21.128,12.02,-3.213,22081.0,204.0,204.0,204.0,0.0
0.083,5.23,-0.053,25.509,25.561,22.141,12.596,-1.357,22.186,12.621,-1.36,22081.0,204.0,204.0,204.0,0.0
0.083,5.23,-0.048,27.878,27.758,24.203,13.769,-1.347,24.099,13.71,-1.341,22081.0,204.0,204.0,204.0,0.0
0.083,5.23,-0.088,24.407,24.337,21.132,12.022,-2.15,21.071,11.987,-2.144,22081.0,204.0,204.0,204.0,0.0
0.083,5.23,-0.084,24.401,24.38,21.135,12.023,-2.041,21.116,12.013,-2.039,22081.0,204.0,1.0,0.0,0.0
0.083,5.23,-0.042,29.27,29.143,25.419,14.461,-1.217,25.309,14.398,-1.212,22081.0,204.0,204.0,204.0,0.0
0.083,5.23,-0.077,24.397,24.455,21.142,12.028,-1.887,21.192,12.056,-1.892,22081.0,6.0,6.0,6.0,0.0
0.083,5.23,-0.071,24.403,24.448,21.157,12.036,-1.734,21.196,12.058,-1.738,22081.0,6.0,6.0,6.0,0.0
0.083,5.23,-0.066,24.419,24.394,21.179,12.048,-1.612,21.156,12.036,-1.61,22081.0,6.0,6.0,6.0,0.0
0.083,5.23,-0.06,24.471,24.495,21.232,12.079,-1.461,21.253,12.091,-1.462,22081.0,6.0,6.0,6.0,0.0
0.083,5.23,-0.155,24.73,24.715,21.237,12.082,-3.821,21.224,12.074,-3.819,22081.0,204.0,204.0,204.0,0.0
0.083,5.233,-0.124,24.511,24.553,21.104,12.09,-3.036,21.14,12.111,-3.041,22081.0,204.0,204.0,204.0,0.0
0.083,5.233,-0.119,24.492,24.453,21.101,12.089,-2.911,21.067,12.069,-2.906,22081.0,204.0,204.0,204.0,0.0
0.083,5.233,-0.113,24.474,24.338,21.1,12.088,-2.767,20.983,12.021,-2.751,22081.0,204.0,204.0,204.0,0.0
0.083,5.233,-0.106,24.455,24.454,21.099,12.087,-2.598,21.099,12.087,-2.597,22081.0,204.0,204.0,204.0,0.0
0.083,5.233,-0.149,24.605,24.608,21.114,12.096,-3.649,21.116,12.097,-3.649,22081.0,204.0,204.0,204.0,0.0
0.083,5.233,-0.142,24.592,24.626,21.122,12.101,-3.491,21.152,12.118,-3.496,22081.0,204.0,204.0,204.0,0.0
0.083,5.233,-0.102,24.453,24.497,21.107,12.092,-2.489,21.146,12.114,-2.494,22081.0,204.0,204.0,204.0,0.0
0.083,5.233,-0.095,24.424,24.47,21.096,12.086,-2.329,21.136,12.108,-2.333,22081.0,204.0,204.0,204.0,0.0
0.083,5.233,-0.137,24.576,24.513,21.125,12.102,-3.357,21.07,12.071,-3.348,22081.0,204.0,204.0,204.0,0.0
0.083,5.233,-0.131,24.547,24.532,21.115,12.097,-3.216,21.103,12.09,-3.215,22081.0,204.0,204.0,204.0,0.0
0.083,5.233,-0.053,25.538,25.524,22.127,12.677,-1.358,22.116,12.67,-1.358,22081.0,204.0,204.0,204.0,0.0
0.083,5.233,-0.048,27.922,27.809,24.2,13.864,-1.349,24.102,13.808,-1.343,22081.0,204.0,204.0,204.0,0.0
0.083,5.233,-0.088,24.408,24.353,21.097,12.086,-2.15,21.049,12.059,-2.145,22081.0,204.0,204.0,204.0,0.0
0.083,5.233,-0.084,24.402,24.311,21.1,12.088,-2.041,21.02,12.042,-2.033,22081.0,204.0,1.0,0.0,0.0
0.083,5.233,-0.042,29.337,29.31,25.434,14.571,-1.22,25.41,14.557,-1.219,22081.0,204.0,204.0,204.0,0.0
0.083,5.233,-0.077,24.399,24.441,21.108,12.092,-1.887,21.143,12.113,-1.891,22081.0,6.0,6.0,6.0,0.0
0.083,5.233,-0.071,24.405,24.514,21.122,12.101,-1.735,21.217,12.155,-1.742,22081.0,6.0,6.0,6.0,0.0
0.083,5.233,-0.066,24.421,24.44,21.144,12.113,-1.612,21.16,12.123,-1.613,22081.0,6.0,6.0,6.0,0.0
0.083,5.233,-0.06,24.473,24.455,21.197,12.144,-1.461,21.182,12.135,-1.46,22081.0,6.0,6.0,6.0,0.0
0.083,5.233,-0.155,24.734,24.686,21.203,12.147,-3.822,21.163,12.124,-3.814,22081.0,204.0,204.0,204.0,0.0
0.083,5.236,-0.124,24.515,24.498,21.071,12.156,-3.036,21.056,12.147,-3.034,22081.0,204.0,204.0,204.0,0.0
0.083,5.236,-0.119,24.496,24.538,21.068,12.154,-2.911,21.104,12.175,-2.916,22081.0,204.0,204.0,204.0,0.0
0.083,5.236,-0.113,24.478,24.38,21.067,12.153,-2.767,20.982,12.105,-2.756,22081.0,204.0,204.0,204.0,0.0
0.083,5.236,-0.106,24.458,24.536,21.065,12.153,-2.598,21.133,12.192,-2.606,22081.0,204.0,204.0,204.0,0.0
0.083,5.236,-0.149,24.609,24.626,21.08,12.161,-3.649,21.095,12.17,-3.652,22081.0,204.0,204.0,204.0,0.0
0.083,5.236,-0.142,24.595,24.648,21.088,12.166,-3.492,21.133,12.192,-3.499,22081.0,204.0,204.0,204.0,0.0
0.083,5.236,-0.102,24.454,24.5,21.072,12.157,-2.489,21.111,12.179,-2.494,22081.0,204.0,204.0,204.0,0.0
0.083,5.236,-0.095,24.428,24.409,21.063,12.151,-2.329,21.047,12.142,-2.327,22081.0,204.0,204.0,204.0,0.0
0.083,5.236,-0.137,24.58,24.517,21.091,12.168,-3.358,21.038,12.137,-3.349,22081.0,204.0,204.0,204.0,0.0
0.083,5.236,-0.131,24.55,24.457,21.082,12.162,-3.217,21.002,12.116,-3.205,22081.0,204.0,204.0,204.0,0.0
0.083,5.236,-0.053,25.58,25.531,22.126,12.764,-1.361,22.083,12.74,-1.358,22081.0,204.0,204.0,204.0,0.0
0.083,5.236,-0.048,28.032,27.967,24.253,13.991,-1.354,24.197,13.959,-1.351,22081.0,204.0,204.0,204.0,0.0
0.083,5.236,-0.088,24.412,24.398,21.063,12.152,-2.15,21.051,12.144,-2.149,22081.0,204.0,204.0,204.0,0.0
0.083,5.236,-0.084,24.406,24.322,21.066,12.153,-2.041,20.993,12.111,-2.034,22081.0,6.0,6.0,6.0,0.0
0.083,5.236,-0.042,29.67,29.603,25.678,14.814,-1.234,25.62,14.78,-1.231,22081.0,204.0,204.0,204.0,0.0
0.083,5.236,-0.077,24.403,24.447,21.074,12.158,-1.888,21.113,12.18,-1.891,22081.0,6.0,6.0,6.0,0.0
0.083,5.236,-0.071,24.409,24.508,21.089,12.166,-1.735,21.175,12.216,-1.742,22081.0,6.0,6.0,6.0,0.0
0.083,5.236,-0.066,24.425,24.462,21.111,12.179,-1.612,21.142,12.197,-1.614,22081.0,6.0,6.0,6.0,0.0
0.083,5.236,-0.06,24.476,24.492,21.163,12.209,-1.461,21.177,12.217,-1.462,22081.0,6.0,6.0,6.0,0.0
0.083,5.236,-0.155,24.738,24.664,21.171,12.213,-3.822,21.107,12.177,-3.811,22081.0,204.0,204.0,204.0,0.0
0.083,5.239,-0.124,24.519,24.558,21.038,12.222,-3.037,21.071,12.241,-3.042,22081.0,204.0,204.0,204.0,0.0
0.083,5.239,-0.119,24.5,24.515,21.035,12.22,-2.912,21.047,12.227,-2.914,22081.0,204.0,204.0,204.0,0.0
0.083,5.239,-0.113,24.482,24.406,21.033,12.219,-2.768,20.968,12.181,-2.759,22081.0,204.0,204.0,204.0,0.0
0.083,5.239,-0.106,24.462,24.486,21.032,12.218,-2.598,21.053,12.23,-2.601,22081.0,204.0,204.0,204.0,0.0
0.083,5.239,-0.149,24.616,24.592,21.05,12.228,-3.65,21.03,12.217,-3.647,22081.0,204.0,204.0,204.0,0.0
0.083,5.239,-0.142,24.6,24.6,21.056,12.232,-3.492,21.056,12.232,-3.492,22081.0,204.0,204.0,204.0,0.0
0.083,5.239,-0.102,24.456,24.491,21.037,12.221,-2.489,21.067,12.238,-2.493,22081.0,204.0,204.0,204.0,0.0
0.083,5.239,-0.095,24.432,24.432,21.03,12.217,-2.33,21.029,12.217,-2.33,22081.0,204.0,204.0,204.0,0.0
0.083,5.239,-0.137,24.582,24.567,21.056,12.232,-3.358,21.043,12.225,-3.356,22081.0,72.0,204.0,204.0,0.0
0.083,5.239,-0.131,24.556,24.553,21.05,12.228,-3.218,21.047,12.227,-3.217,22081.0,204.0,204.0,204.0,0.0
0.083,5.239,-0.053,25.703,25.726,22.193,12.893,-1.367,22.213,12.904,-1.368,22081.0,204.0,204.0,204.0,0.0
0.083,5.239,-0.048,28.242,28.164,24.392,14.17,-1.364,24.325,14.131,-1.36,22081.0,204.0,204.0,204.0,0.0
0.083,5.239,-0.088,24.417,24.393,21.031,12.217,-2.151,21.01,12.206,-2.149,22081.0,204.0,204.0,204.0,0.0
0.083,5.239,-0.084,24.411,24.38,21.034,12.219,-2.042,21.007,12.204,-2.039,22081.0,6.0,6.0,6.0,0.0
0.083,5.239,-0.077,24.409,24.482,21.043,12.224,-1.888,21.106,12.261,-1.894,22081.0,6.0,6.0,6.0,0.0
0.083,5.239,-0.071,24.415,24.481,21.058,12.233,-1.735,21.115,12.266,-1.74,22081.0,6.0,6.0,6.0,0.0
0.083,5.239,-0.066,24.432,24.452,21.08,12.246,-1.613,21.097,12.256,-1.614,22081.0,6.0,6.0,6.0,0.0
0.083,5.239,-0.06,24.484,24.558,21.133,12.277,-1.462,21.197,12.314,-1.466,22081.0,6.0,6.0,6.0,0.0
0.083,5.239,-0.155,24.749,24.688,21.143,12.283,-3.824,21.091,12.252,-3.815,22081.0,204.0,204.0,204.0,0.0
0.083,5.242,-0.124,24.529,24.576,21.009,12.29,-3.038,21.05,12.314,-3.044,22081.0,204.0,204.0,204.0,0.0
0.083,5.242,-0.119,24.51,24.504,21.006,12.288,-2.913,21.001,12.285,-2.912,22081.0,204.0,204.0,204.0,0.0
0.083,5.242,-0.113,24.491,24.355,21.005,12.287,-2.769,20.887,12.218,-2.753,22081.0,204.0,204.0,204.0,0.0
0.083,5.242,-0.106,24.471,24.456,21.003,12.286,-2.599,20.99,12.279,-2.598,22081.0,204.0,204.0,204.0,0.0
0.083,5.242,-0.149,24.626,24.686,21.021,12.297,-3.652,21.073,12.327,-3.661,22081.0,204.0,204.0,204.0,0.0
0.083,5.242,-0.142,24.609,24.655,21.026,12.3,-3.493,21.066,12.323,-3.5,22081.0,204.0,204.0,204.0,0.0
0.083,5.242,-0.102,24.46,24.494,21.003,12.286,-2.49,21.032,12.303,-2.493,22081.0,204.0,204.0,204.0,0.0
0.083,5.242,-0.095,24.442,24.467,21.001,12.285,-2.33,21.023,12.298,-2.333,22081.0,204.0,204.0,204.0,0.0
0.083,5.242,-0.137,24.587,24.593,21.023,12.298,-3.359,21.028,12.301,-3.359,22081.0,204.0,1.0,0.0,0.0
0.083,5.242,-0.131,24.562,24.516,21.018,12.295,-3.218,20.979,12.272,-3.212,22081.0,72.0,204.0,204.0,0.0
0.083,5.242,-0.053,25.947,25.957,22.365,13.083,-1.38,22.374,13.088,-1.381,22081.0,204.0,204.0,204.0,0.0
0.083,5.242,-0.048,28.891,28.811,24.908,14.571,-1.396,24.839,14.53,-1.392,22081.0,204.0,204.0,204.0,0.0
0.083,5.242,-0.088,24.426,24.408,21.002,12.286,-2.152,20.987,12.277,-2.15,22081.0,204.0,204.0,204.0,0.0
0.083,5.242,-0.084,24.421,24.384,21.005,12.288,-2.042,20.974,12.269,-2.039,22081.0,6.0,6.0,6.0,0.0
0.083,5.242,-0.077,24.419,24.473,21.014,12.293,-1.889,21.061,12.32,-1.893,22081.0,6.0,6.0,6.0,0.0
0.083,5.242,-0.071,24.425,24.463,21.029,12.302,-1.736,21.062,12.321,-1.739,22081.0,6.0,6.0,6.0,0.0
0.083,5.242,-0.066,24.442,24.425,21.051,12.314,-1.613,21.037,12.306,-1.612,22081.0,6.0,6.0,6.0,0.0
0.083,5.242,-0.06,24.494,24.508,21.105,12.346,-1.462,21.116,12.353,-1.463,22081.0,6.0,6.0,6.0,0.0
0.083,5.242,-0.155,24.766,24.712,21.12,12.355,-3.827,21.074,12.328,-3.818,22081.0,204.0,204.0,204.0,0.0
0.083,5.245,-0.124,24.54,24.548,20.982,12.359,-3.039,20.988,12.363,-3.04,22081.0,72.0,204.0,204.0,0.0
0.083,5.245,-0.119,24.52,24.493,20.978,12.356,-2.914,20.954,12.343,-2.911,22081.0,72.0,204.0,204.0,0.0
0.083,5.245,-0.113,24.501,24.352,20.976,12.355,-2.77,20.848,12.28,-2.753,22081.0,72.0,204.0,204.0,0.0
0.083,5.245,-0.106,24.485,24.55,20.978,12.356,-2.601,21.033,12.389,-2.608,22081.0,204.0,204.0,204.0,0.0
0.083,5.245,-0.149,24.648,24.687,21.002,12.371,-3.655,21.036,12.391,-3.661,22081.0,204.0,204.0,204.0,0.0
0.083,5.245,-0.142,24.61,24.614,20.99,12.364,-3.494,20.994,12.366,-3.494,22081.0,204.0,204.0,204.0,0.0
0.083,5.245,-0.102,24.473,24.528,20.978,12.356,-2.491,21.025,12.384,-2.497,22081.0,204.0,204.0,204.0,0.0
0.083,5.245,-0.095,24.456,24.449,20.976,12.356,-2.332,20.97,12.352,-2.331,22081.0,204.0,204.0,204.0,0.0
0.083,5.245,-0.137,24.609,24.638,21.005,12.373,-3.362,21.03,12.387,-3.366,22081.0,72.0,204.0,204.0,0.0
0.083,5.245,-0.131,24.578,24.55,20.995,12.366,-3.22,20.971,12.352,-3.217,22081.0,72.0,204.0,204.0,0.0
0.083,5.245,-0.053,26.69,26.711,22.964,13.527,-1.42,22.983,13.537,-1.421,22081.0,204.0,204.0,204.0,0.0
0.083,5.245,-0.088,24.442,24.404,20.978,12.357,-2.153,20.946,12.338,-2.15,22081.0,204.0,204.0,204.0,0.0
0.083,5.245,-0.084,24.438,24.361,20.983,12.359,-2.044,20.917,12.321,-2.037,22081.0,204.0,204.0,204.0,0.0
0.083,5.245,-0.077,24.437,24.496,20.993,12.365,-1.89,21.043,12.395,-1.895,22081.0,204.0,204.0,204.0,0.0
0.083,5.245,-0.071,24.445,24.539,21.01,12.375,-1.737,21.09,12.423,-1.744,22081.0,204.0,204.0,204.0,0.0
0.083,5.245,-0.066,24.462,24.417,21.031,12.388,-1.615,20.993,12.365,-1.612,22081.0,204.0,204.0,204.0,0.0
0.083,5.245,-0.06,24.514,24.533,21.084,12.419,-1.463,21.101,12.429,-1.465,22081.0,204.0,204.0,204.0,0.0
0.083,5.245,-0.155,24.799,24.695,21.111,12.435,-3.832,21.023,12.383,-3.816,22081.0,204.0,204.0,204.0,0.0
0.084,5.248,-0.124,24.566,24.554,20.967,12.435,-3.043,20.956,12.429,-3.041,22081.0,72.0,204.0,204.0,0.0
0.084,5.248,-0.119,24.544,24.56,20.961,12.432,-2.917,20.974,12.44,-2.919,22081.0,72.0,204.0,204.0,0.0
0.084,5.248,-0.113,24.524,24.426,20.958,12.43,-2.772,20.874,12.38,-2.761,22081.0,72.0,204.0,204.0,0.0
0.084,5.248,-0.106,24.507,24.59,20.96,12.431,-2.603,21.031,12.473,-2.612,22081.0,204.0,204.0,204.0,0.0
0.084,5.248,-0.149,24.692,24.69,21.003,12.457,-3.662,21.001,12.456,-3.661,22081.0,204.0,204.0,204.0,0.0
0.084,5.248,-0.142,24.648,24.65,20.985,12.446,-3.499,20.986,12.447,-3.499,22081.0,204.0,204.0,204.0,0.0
0.084,5.248,-0.102,24.495,24.525,20.959,12.431,-2.493,20.984,12.446,-2.496,22081.0,204.0,204.0,204.0,0.0
0.084,5.248,-0.095,24.479,24.498,20.959,12.43,-2.334,20.974,12.44,-2.336,22081.0,204.0,204.0,204.0,0.0
0.084,5.248,-0.137,24.642,24.646,20.996,12.453,-3.366,20.999,12.455,-3.367,22081.0,72.0,204.0,204.0,0.0
0.084,5.248,-0.131,24.608,24.588,20.983,12.445,-3.224,20.966,12.435,-3.222,22081.0,72.0,204.0,204.0,0.0
0.084,5.248,-0.088,24.469,24.424,20.964,12.434,-2.155,20.925,12.411,-2.151,22081.0,204.0,204.0,204.0,0.0
0.084,5.248,-0.084,24.469,24.398,20.972,12.438,-2.046,20.911,12.402,-2.041,22081.0,204.0,204.0,204.0,0.0
0.084,5.248,-0.077,24.475,24.569,20.988,12.448,-1.893,21.068,12.496,-1.901,22081.0,204.0,204.0,204.0,0.0
0.084,5.248,-0.071,24.487,24.614,21.008,12.46,-1.74,21.117,12.524,-1.749,22081.0,204.0,204.0,204.0,0.0
0.084,5.248,-0.066,24.506,24.478,21.032,12.474,-1.617,21.008,12.46,-1.616,22081.0,204.0,204.0,204.0,0.0
0.084,5.248,-0.06,24.584,24.551,21.107,12.518,-1.468,21.078,12.501,-1.466,22081.0,204.0,204.0,204.0,0.0
0.084,5.251,-0.124,24.664,24.611,21.012,12.548,-3.055,20.967,12.521,-3.048,22081.0,72.0,204.0,204.0,0.0
0.084,5.251,-0.119,24.632,24.627,20.998,12.54,-2.928,20.994,12.537,-2.927,22081.0,72.0,204.0,204.0,0.0
0.084,5.251,-0.113,24.617,24.484,20.999,12.54,-2.783,20.886,12.473,-2.768,22081.0,204.0,204.0,204.0,0.0
0.084,5.251,-0.106,24.592,24.679,20.994,12.537,-2.612,21.068,12.581,-2.621,22081.0,204.0,204.0,204.0,0.0
0.084,5.251,-0.102,24.58,24.627,20.994,12.537,-2.502,21.034,12.561,-2.507,22081.0,204.0,204.0,204.0,0.0
0.084,5.251,-0.095,24.57,24.581,20.999,12.54,-2.343,21.008,12.546,-2.344,22081.0,204.0,204.0,204.0,0.0
0.084,5.251,-0.088,24.574,24.547,21.016,12.55,-2.165,20.993,12.537,-2.162,22081.0,204.0,204.0,204.0,0.0
0.084,5.251,-0.084,24.668,24.595,21.105,12.603,-2.063,21.042,12.566,-2.057,22081.0,204.0,204.0,204.0,0.0
